effectivity_date,product,price_mid
2017-01-03,DIESEL PLUS,32.27166666666667
2017-01-03,KEROSENE,39.26333333333333
2017-01-03,RON 100,47.725
2017-01-03,RON 91,43.449285714285715
2017-01-03,RON 95,44.86083333333334
2017-01-03,RON 97,47.175
2017-01-10,DIESEL PLUS,32.37166666666667
2017-01-10,KEROSENE,39.11333333333334
2017-01-10,RON 100,47.725
2017-01-10,RON 91,43.449285714285715
2017-01-10,RON 95,44.86083333333334
2017-01-10,RON 97,47.175
2017-01-17,DIESEL PLUS,32.02722222222222
2017-01-17,KEROSENE,38.846666666666664
2017-01-17,RON 100,47.425
2017-01-17,RON 91,43.20642857142857
2017-01-17,RON 95,44.61083333333334
2017-01-17,RON 97,46.975
2017-01-24,DIESEL PLUS,32.02722222222222
2017-01-24,KEROSENE,38.830000000000005
2017-01-24,RON 100,48.025
2017-01-24,RON 91,43.80642857142857
2017-01-24,RON 95,45.21083333333333
2017-01-24,RON 97,47.575
2017-01-31,DIESEL PLUS,30.610555555555557
2017-01-31,KEROSENE,38.830000000000005
2017-01-31,RON 100,48.025
2017-01-31,RON 91,43.80642857142857
2017-01-31,RON 95,45.21083333333333
2017-01-31,RON 97,47.575
2017-02-07,DIESEL PLUS,32.52166666666667
2017-02-07,KEROSENE,39.129999999999995
2017-02-07,RON 100,48.525
2017-02-07,RON 91,44.270714285714284
2017-02-07,RON 95,45.694916666666664
2017-02-07,RON 97,48.075
2017-02-28,DIESEL PLUS,33.044999999999995
2017-02-28,KEROSENE,39.596666666666664
2017-02-28,RON 100,48.375
2017-02-28,RON 91,44.131428571428565
2017-02-28,RON 95,45.61083333333334
2017-02-28,RON 97,47.925
2017-03-07,DIESEL PLUS,32.96722222222222
2017-03-07,KEROSENE,39.46333333333333
2017-03-07,RON 100,48.375
2017-03-07,RON 91,43.74571428571429
2017-03-07,RON 95,45.2275
2017-03-07,RON 97,47.525
2017-03-14,DIESEL PLUS,32.44611111111111
2017-03-14,KEROSENE,38.763333333333335
2017-03-14,RON 100,48.025
2017-03-14,RON 91,43.395714285714284
2017-03-14,RON 95,44.935833333333335
2017-03-14,RON 97,47.175
2017-03-21,DIESEL,41.87375
2017-03-21,DIESEL PLUS,31.208333333333332
2017-03-21,KEROSENE,36.308125
2017-03-21,RON 91,43.27428571428572
2017-03-21,RON 95,46.494
2017-03-28,DIESEL,29.75375
2017-03-28,DIESEL PLUS,34.201
2017-03-28,KEROSENE,37.693333333333335
2017-03-28,RON 91,42.449285714285715
2017-03-28,RON 95,44.56833333333333
2017-04-25,DIESEL,43.14125
2017-04-25,DIESEL PLUS,30.915
2017-04-25,KEROSENE,37.70388888888888
2017-04-25,RON 91,44.839999999999996
2017-04-25,RON 95,47.568
2017-05-02,DIESEL,42.40375
2017-05-02,DIESEL PLUS,30.32625
2017-05-02,KEROSENE,36.80166666666667
2017-05-02,RON 91,44.42928571428571
2017-05-02,RON 95,46.056
2017-05-16,DIESEL,41.84625
2017-05-16,DIESEL PLUS,29.756875
2017-05-16,KEROSENE,35.553
2017-05-16,RON 91,43.385
2017-05-16,RON 95,46.168
2017-05-23,DIESEL,42.211875
2017-05-23,DIESEL PLUS,30.580625
2017-05-23,KEROSENE,35.9985
2017-05-23,RON 91,43.81357142857143
2017-05-23,RON 95,46.858000000000004
2017-05-30,DIESEL,42.865
2017-05-30,DIESEL PLUS,30.41357142857143
2017-05-30,KEROSENE,37.7725
2017-05-30,RON 91,44.67166666666666
2017-05-30,RON 95,46.935
2017-06-08,DIESEL,42.585
2017-06-08,DIESEL PLUS,29.91375
2017-06-08,KEROSENE,36.333333333333336
2017-06-08,RON 91,44.11142857142857
2017-06-08,RON 95,47.34
2017-06-20,DIESEL,41.043125
2017-06-20,DIESEL PLUS,28.569375
2017-06-20,KEROSENE,35.159375
2017-06-20,RON 91,42.84285714285714
2017-06-20,RON 95,44.728
2017-07-04,DIESEL,40.694375
2017-07-04,DIESEL PLUS,28.983125
2017-07-04,KEROSENE,35.65125
2017-07-04,RON 91,42.52357142857143
2017-07-04,RON 95,45.198
2017-07-11,DIESEL,41.495000000000005
2017-07-11,DIESEL PLUS,30.249375
2017-07-11,KEROSENE,35.916875000000005
2017-07-11,RON 91,43.11214285714285
2017-07-11,RON 95,45.16625
2017-07-18,DIESEL,41.156875
2017-07-18,DIESEL PLUS,29.821875
2017-07-18,KEROSENE,35.213125
2017-07-18,RON 91,42.66857142857143
2017-07-18,RON 95,44.86625
2017-08-01,DIESEL,41.910714285714285
2017-08-01,DIESEL PLUS,30.505714285714284
2017-08-01,KEROSENE,36.52166666666667
2017-08-01,RON 91,43.6325
2017-08-01,RON 95,45.715
2017-08-15,DIESEL,43.4725
2017-08-15,DIESEL PLUS,31.415625
2017-08-15,KEROSENE,37.174375
2017-08-15,RON 91,44.978571428571435
2017-08-15,RON 95,47.317499999999995
2017-10-31,DIESEL,45.85142857142858
2017-10-31,DIESEL PLUS,34.11571428571428
2017-10-31,KEROSENE,38.70928571428571
2017-10-31,RON 91,46.96785714285714
2017-10-31,RON 95,50.18166666666667
2017-11-07,DIESEL,46.410000000000004
2017-11-07,DIESEL PLUS,34.52285714285715
2017-11-07,KEROSENE,39.513888888888886
2017-11-07,RON 91,47.69714285714286
2017-11-07,RON 95,50.306666666666665
2017-11-14,DIESEL,47.18571428571429
2017-11-14,DIESEL PLUS,35.26428571428572
2017-11-14,KEROSENE,40.36222222222222
2017-11-14,RON 91,48.732142857142854
2017-11-14,RON 95,52.01500000000001
2017-12-12,DIESEL,46.48357142857143
2017-12-12,DIESEL PLUS,34.86214285714286
2017-12-12,KEROSENE,39.940555555555555
2017-12-12,RON 91,47.61928571428571
2017-12-12,RON 95,50.505
2017-12-19,DIESEL,46.646428571428565
2017-12-19,DIESEL PLUS,35.32857142857143
2017-12-19,KEROSENE,40.376666666666665
2017-12-19,RON 91,47.832142857142856
2017-12-19,RON 95,50.818333333333335
2018-01-02,DIESEL,46.36166666666666
2018-01-02,DIESEL PLUS,35.969166666666666
2018-01-02,KEROSENE,41.61375
2018-01-02,RON 91,47.471666666666664
2018-01-02,RON 95,51.425000000000004
2018-01-09,DIESEL,46.748333333333335
2018-01-09,DIESEL PLUS,36.475833333333334
2018-01-09,KEROSENE,42.94285714285714
2018-01-09,RON 91,47.711666666666666
2018-01-09,RON 95,52.11166666666666
2018-01-16,DIESEL,48.498333333333335
2018-01-16,DIESEL PLUS,39.10166666666667
2018-01-16,KEROSENE,44.41285714285714
2018-01-16,RON 91,50.275
2018-01-16,RON 95,54.01833333333334
2018-01-23,DIESEL,49.135
2018-01-23,DIESEL PLUS,39.803333333333335
2018-01-23,KEROSENE,45.52285714285715
2018-01-23,RON 91,50.4925
2018-01-23,RON 95,54.0
2018-01-30,DIESEL,50.4675
2018-01-30,DIESEL PLUS,40.34833333333333
2018-01-30,KEROSENE,46.25214285714286
2018-01-30,RON 91,51.44166666666666
2018-01-30,RON 95,55.85
2018-02-06,DIESEL,51.43
2018-02-06,DIESEL PLUS,41.020714285714284
2018-02-06,KEROSENE,46.482777777777784
2018-02-06,RON 91,53.17714285714286
2018-02-06,RON 95,56.35
2018-02-13,DIESEL,50.68285714285714
2018-02-13,DIESEL PLUS,39.73142857142857
2018-02-13,KEROSENE,45.25055555555556
2018-02-13,RON 91,52.52428571428571
2018-02-13,RON 95,55.35
2018-02-20,DIESEL,49.58642857142858
2018-02-20,DIESEL PLUS,38.527857142857144
2018-02-20,KEROSENE,43.98777777777778
2018-02-20,RON 91,51.103571428571435
2018-02-20,RON 95,54.26500000000001
2018-02-27,DIESEL,50.17214285714285
2018-02-27,DIESEL PLUS,39.62214285714286
2018-02-27,KEROSENE,45.42611111111111
2018-02-27,RON 91,51.58428571428572
2018-02-27,RON 95,55.08166666666667
2018-03-06,DIESEL,51.082142857142856
2018-03-06,DIESEL PLUS,39.95071428571429
2018-03-06,KEROSENE,45.767222222222216
2018-03-06,RON 91,52.708571428571425
2018-03-06,RON 95,55.416666666666664
2018-03-14,DIESEL,50.792142857142856
2018-03-14,DIESEL PLUS,39.57142857142857
2018-03-14,KEROSENE,45.461666666666666
2018-03-14,RON 91,52.386428571428574
2018-03-14,RON 95,55.18333333333334
2018-03-21,DIESEL,50.792142857142856
2018-03-21,DIESEL PLUS,39.971428571428575
2018-03-21,KEROSENE,45.928333333333335
2018-03-21,RON 91,52.386428571428574
2018-03-21,RON 95,55.18333333333334
2018-04-02,RON 91,46.13850000000001
2018-04-02,RON 95,54.21025
2018-04-02,RON 97,55.0065
2018-04-04,RON 91,46.04842857142857
2018-04-04,RON 95,54.18525
2018-04-04,RON 97,55.11825
2018-04-24,DIESEL,52.270714285714284
2018-04-24,DIESEL PLUS,42.654999999999994
2018-04-24,KEROSENE,47.74722222222222
2018-04-24,RON 91,53.75142857142857
2018-04-24,RON 95,56.52666666666667
2018-05-02,DIESEL,53.12071428571429
2018-05-02,DIESEL PLUS,43.355000000000004
2018-05-02,KEROSENE,48.44722222222222
2018-05-02,RON 91,54.60142857142857
2018-05-02,RON 95,57.376666666666665
2018-05-08,DIESEL,52.68214285714286
2018-05-08,DIESEL PLUS,42.87357142857143
2018-05-08,KEROSENE,48.29222222222222
2018-05-08,RON 91,53.71785714285714
2018-05-08,RON 95,57.81333333333333
2018-05-16,RON 91,48.053
2018-05-16,RON 95,55.08225
2018-05-16,RON 97,57.9015
2018-05-22,DIESEL,54.94714285714286
2018-05-22,DIESEL PLUS,45.12071428571429
2018-05-22,KEROSENE,49.94833333333334
2018-05-22,RON 91,55.778571428571425
2018-05-22,RON 95,60.416666666666664
2018-05-30,DIESEL,55.144999999999996
2018-05-30,DIESEL PLUS,45.46071428571429
2018-05-30,KEROSENE,50.69777777777777
2018-05-30,RON 91,55.80571428571428
2018-05-30,RON 95,59.288333333333334
2018-06-05,DIESEL,53.81428571428571
2018-06-05,DIESEL PLUS,44.68571428571429
2018-06-05,KEROSENE,49.86333333333333
2018-06-05,RON 91,54.545
2018-06-05,RON 95,57.580000000000005
2018-06-12,DIESEL,53.26428571428572
2018-06-12,DIESEL PLUS,44.08571428571429
2018-06-12,KEROSENE,49.263333333333335
2018-06-12,RON 91,53.995000000000005
2018-06-12,RON 95,57.03
2018-06-20,RON 91,48.648785714285715
2018-06-20,RON 95,54.67075
2018-06-20,RON 97,57.391999999999996
2018-07-11,DIESEL,53.185
2018-07-11,DIESEL PLUS,44.17857142857143
2018-07-11,KEROSENE,49.49888888888889
2018-07-11,RON 91,53.92642857142857
2018-07-11,RON 95,57.415
2018-07-31,RON 91,47.763821428571426
2018-07-31,RON 95,55.234125000000006
2018-07-31,RON 97,58.03
2018-08-07,RON 91,47.86739285714286
2018-08-07,RON 95,55.16125
2018-08-07,RON 97,56.8365
2018-08-16,RON 91,47.88496428571428
2018-08-16,RON 95,55.196625
2018-08-16,RON 97,57.1515
2018-08-23,RON 91,48.09882142857143
2018-08-23,RON 95,55.234125
2018-08-23,RON 97,57.466499999999996
2018-08-30,RON 91,48.47128571428571
2018-08-30,RON 95,55.3375
2018-08-30,RON 97,58.6295
2018-09-04,DIESEL,55.10285714285714
2018-09-04,DIESEL PLUS,45.70214285714285
2018-09-04,KEROSENE,50.365
2018-09-04,RON 91,56.362857142857145
2018-09-04,RON 95,59.06833333333333
2018-09-18,DIESEL,56.08142857142857
2018-09-18,DIESEL PLUS,46.495000000000005
2018-09-18,KEROSENE,51.30166666666667
2018-09-18,RON 91,57.185
2018-09-18,RON 95,60.06875
2018-09-25,DIESEL,56.798571428571435
2018-09-25,DIESEL PLUS,46.904999999999994
2018-09-25,KEROSENE,51.85944444444445
2018-09-25,RON 91,58.10142857142857
2018-09-25,RON 95,60.363749999999996
2018-10-04,RON 91,51.68769230769231
2018-10-04,RON 95,57.963499999999996
2018-10-04,RON 97,60.5125
2018-10-11,RON 91,53.25811538461539
2018-10-11,RON 95,59.78975
2018-10-11,RON 97,61.5125
2018-10-15,DIESEL,57.230714285714285
2018-10-15,DIESEL PLUS,48.832857142857144
2018-10-15,KEROSENE,52.77875
2018-10-15,RON 91,58.672142857142866
2018-10-15,RON 95,61.095
2018-10-22,DIESEL,55.23142857142857
2018-10-22,DIESEL PLUS,47.85
2018-10-22,KEROSENE,52.528333333333336
2018-10-22,RON 91,56.541428571428575
2018-10-22,RON 95,57.167500000000004
2018-11-06,DIESEL,52.839999999999996
2018-11-06,DIESEL PLUS,46.17
2018-11-06,KEROSENE,51.10722222222223
2018-11-06,RON 91,54.06857142857143
2018-11-06,RON 95,56.85333333333333
2018-11-27,DIESEL,47.83357142857143
2018-11-27,DIESEL PLUS,40.864285714285714
2018-11-27,KEROSENE,46.42111111111112
2018-11-27,RON 91,49.30642857142857
2018-11-27,RON 95,52.28333333333333
2019-01-22,DIESEL,46.18285714285714
2019-01-22,DIESEL PLUS,39.300000000000004
2019-01-22,KEROSENE,44.39
2019-01-22,RON 91,48.05357142857143
2019-01-22,RON 95,48.24875
2019-01-29,DIESEL,47.202
2019-01-29,DIESEL PLUS,41.719
2019-01-29,KEROSENE,45.18666666666667
2019-01-29,RON 91,49.451
2019-01-29,RON 95,50.57333333333333
2019-02-05,DIESEL,47.209999999999994
2019-02-05,DIESEL PLUS,41.11785714285714
2019-02-05,KEROSENE,43.708125
2019-02-05,RON 91,49.167857142857144
2019-02-05,RON 95,50.958333333333336
2019-02-14,RON 91,44.784285714285716
2019-02-14,RON 95,49.23833333333334
2019-02-14,RON 97,50.315
2019-02-21,RON 91,45.55457142857143
2019-02-21,RON 95,49.61816666666667
2019-02-21,RON 97,52.83
2019-02-26,DIESEL,50.68571428571429
2019-02-26,DIESEL PLUS,43.90642857142858
2019-02-26,KEROSENE,47.696666666666665
2019-02-26,RON 91,52.62071428571429
2019-02-26,RON 95,54.629999999999995
2019-03-05,DIESEL,51.46928571428572
2019-03-05,DIESEL PLUS,43.41857142857143
2019-03-05,KEROSENE,46.86625
2019-03-05,RON 91,52.28785714285714
2019-03-05,RON 95,54.31166666666667
2019-03-19,DIESEL,53.225
2019-03-19,DIESEL PLUS,43.89142857142857
2019-03-19,KEROSENE,47.392222222222216
2019-03-19,RON 91,54.298571428571435
2019-03-19,RON 95,56.79625
2019-03-28,DIESEL,53.353899999999996
2019-03-28,DIESEL PLUS,43.523
2019-03-28,KEROSENE,48.39407142857142
2019-03-28,RON 91,50.374125
2019-03-28,RON 95,54.813250000000004
2019-03-28,RON 97,53.3425
2019-04-04,DIESEL,53.8019
2019-04-04,DIESEL PLUS,43.309000000000005
2019-04-04,KEROSENE,48.25264285714286
2019-04-04,RON 91,55.5029
2019-04-04,RON 95,57.998333333333335
2019-04-09,DIESEL,54.669285714285714
2019-04-09,DIESEL PLUS,44.06285714285714
2019-04-09,KEROSENE,47.75555555555556
2019-04-09,RON 91,55.5
2019-04-09,RON 95,58.25
2019-04-17,DIESEL,55.094899999999996
2019-04-17,DIESEL PLUS,44.2505
2019-04-17,KEROSENE,49.392071428571434
2019-04-17,RON 91,56.3309
2019-04-17,RON 95,59.29833333333334
2019-04-30,RON 91,49.773500000000006
2019-04-30,RON 95,55.96083333333333
2019-04-30,RON 97,60.025
2019-05-07,RON 91,48.94992857142857
2019-05-07,RON 95,53.439166666666665
2019-05-07,RON 97,59.525
2019-05-21,DIESEL,53.54714285714285
2019-05-21,DIESEL PLUS,44.98571428571428
2019-05-21,KEROSENE,49.61833333333333
2019-05-21,RON 91,54.815
2019-05-21,RON 95,56.425000000000004
2019-05-21,RON 97,62.31
2019-06-04,RON 91,47.38964285714285
2019-06-04,RON 95,50.93666666666667
2019-06-04,RON 97,56.315
2019-06-11,DIESEL,49.51544642857142
2019-06-11,DIESEL PLUS,44.44305555555556
2019-06-11,KEROSENE,41.680882352941175
2019-06-11,RON 100,44.581875
2019-06-11,RON 91,51.51447368421052
2019-06-11,RON 95,52.14366666666667
2019-06-11,RON 97,48.26125
2019-06-19,DIESEL,49.94575
2019-06-19,DIESEL PLUS,41.70666666666666
2019-06-19,KEROSENE,43.83039473684211
2019-06-19,RON 100,46.87833333333333
2019-06-19,RON 91,51.32181034482758
2019-06-19,RON 95,52.00674418604651
2019-06-19,RON 97,55.124
2019-06-25,DIESEL,51.782105263157895
2019-06-25,DIESEL PLUS,50.16270491803279
2019-06-25,KEROSENE,42.375
2019-06-25,RON 100,44.23527777777778
2019-06-25,RON 91,52.68185714285714
2019-06-25,RON 95,54.280625
2019-06-25,RON 97,46.826
2019-07-02,DIESEL,51.33435185185185
2019-07-02,DIESEL PLUS,42.89887931034483
2019-07-02,KEROSENE,45.005405405405405
2019-07-02,RON 100,48.69
2019-07-02,RON 91,52.47120370370371
2019-07-02,RON 95,53.79195121951219
2019-07-02,RON 97,56.499
2019-07-09,DIESEL,51.18453125
2019-07-09,DIESEL PLUS,42.39694029850747
2019-07-09,KEROSENE,44.69880952380952
2019-07-09,RON 100,47.40208333333334
2019-07-09,RON 91,52.41293650793651
2019-07-09,RON 95,54.142209302325575
2019-07-09,RON 97,56.645
2019-07-16,DIESEL,52.13507936507936
2019-07-16,DIESEL PLUS,43.01621212121212
2019-07-16,KEROSENE,45.475875
2019-07-16,RON 100,48.88545454545454
2019-07-16,RON 91,53.30786885245901
2019-07-16,RON 95,55.11651162790698
2019-07-16,RON 97,57.622
2019-08-06,DIESEL,51.913492063492065
2019-08-06,DIESEL PLUS,50.56307692307692
2019-08-06,KEROSENE,43.179746835443034
2019-08-06,RON 100,45.13388888888889
2019-08-06,RON 91,53.875972222222224
2019-08-06,RON 95,55.533125
2019-08-06,RON 97,48.42772727272727
2019-08-14,DIESEL,50.17859375
2019-08-14,DIESEL PLUS,42.15205128205128
2019-08-14,KEROSENE,43.0251724137931
2019-08-14,RON 100,45.093809523809526
2019-08-14,RON 91,51.75691666666667
2019-08-14,RON 95,52.11044117647059
2019-08-14,RON 97,53.610769230769236
2019-08-20,DIESEL,50.66795081967213
2019-08-20,DIESEL PLUS,42.401015625
2019-08-20,KEROSENE,44.729594594594595
2019-08-20,RON 100,47.862
2019-08-20,RON 91,51.774836065573766
2019-08-20,RON 95,53.70279411764706
2019-08-20,RON 97,56.345000000000006
2019-08-27,DIESEL,50.358467741935485
2019-08-27,DIESEL PLUS,42.19515384615384
2019-08-27,KEROSENE,44.58825
2019-08-27,RON 100,47.92722222222223
2019-08-27,RON 91,51.36370967741936
2019-08-27,RON 95,53.646410256410256
2019-08-27,RON 97,56.13199999999999
2019-09-03,DIESEL,51.85928571428571
2019-09-03,DIESEL PLUS,42.42
2019-09-03,KEROSENE,45.73125
2019-09-03,RON 91,52.542142857142856
2019-09-03,RON 95,55.10125
2019-09-10,DIESEL,51.35928571428571
2019-09-10,DIESEL PLUS,42.28785714285714
2019-09-10,KEROSENE,45.62125
2019-09-10,RON 91,52.04357142857143
2019-09-10,RON 95,54.60125
2019-09-17,DIESEL,51.49375
2019-09-17,DIESEL PLUS,42.950254237288135
2019-09-17,KEROSENE,44.7428947368421
2019-09-17,RON 100,48.9135
2019-09-17,RON 91,52.38
2019-09-17,RON 95,54.553250000000006
2019-09-17,RON 97,56.435
2019-09-24,DIESEL,53.51655172413793
2019-09-24,DIESEL PLUS,44.66677419354839
2019-09-24,KEROSENE,46.43585365853658
2019-09-24,RON 100,50.4705
2019-09-24,RON 91,54.14473684210526
2019-09-24,RON 95,56.60463414634146
2019-09-24,RON 97,58.561
2019-10-01,DIESEL,51.98581967213115
2019-10-01,DIESEL PLUS,43.91007692307693
2019-10-01,KEROSENE,45.867045454545455
2019-10-01,RON 100,49.912
2019-10-01,RON 91,52.750263157894736
2019-10-01,RON 95,55.54725
2019-10-01,RON 97,57.111000000000004
2019-10-10,DIESEL,51.37517241379311
2019-10-10,DIESEL PLUS,43.08782258064517
2019-10-10,KEROSENE,44.617439024390244
2019-10-10,RON 100,49.16888888888889
2019-10-10,RON 91,52.157631578947374
2019-10-10,RON 95,54.75789473684211
2019-10-10,RON 97,56.495000000000005
2019-10-15,DIESEL,51.005403225806454
2019-10-15,DIESEL PLUS,42.74856060606061
2019-10-15,KEROSENE,44.41416666666667
2019-10-15,RON 100,48.746111111111105
2019-10-15,RON 91,52.24691666666667
2019-10-15,RON 95,54.675789473684205
2019-10-15,RON 97,56.39
2019-10-22,DIESEL,51.115625
2019-10-22,DIESEL PLUS,42.664632352941176
2019-10-22,KEROSENE,44.46852272727273
2019-10-22,RON 100,48.54611111111111
2019-10-22,RON 91,52.16475806451613
2019-10-22,RON 95,54.41921052631579
2019-10-22,RON 97,56.28333333333333
2019-10-29,DIESEL,50.61060606060607
2019-10-29,DIESEL PLUS,42.5425
2019-10-29,KEROSENE,44.42545454545455
2019-10-29,RON 100,48.201499999999996
2019-10-29,RON 91,51.65968253968254
2019-10-29,RON 95,53.65190476190477
2019-10-29,RON 97,55.84444444444445
2019-11-05,DIESEL,50.51053030303031
2019-11-05,DIESEL PLUS,42.298428571428566
2019-11-05,KEROSENE,44.10440476190476
2019-11-05,RON 100,48.1015
2019-11-05,RON 91,51.4877868852459
2019-11-05,RON 95,53.60333333333334
2019-11-05,RON 97,55.715999999999994
2019-11-12,DIESEL,51.835967741935484
2019-11-12,DIESEL PLUS,42.26425373134328
2019-11-12,KEROSENE,42.51813953488372
2019-11-12,RON 100,47.98552631578948
2019-11-12,RON 91,52.86254237288136
2019-11-12,RON 95,54.85144578313253
2019-11-12,RON 97,56.17636363636364
2019-11-26,DIESEL,51.64046875
2019-11-26,DIESEL PLUS,41.843014705882354
2019-11-26,KEROSENE,43.679545454545455
2019-11-26,RON 100,47.541818181818186
2019-11-26,RON 91,52.87885245901639
2019-11-26,RON 95,54.721395348837206
2019-11-26,RON 97,57.037
2019-12-03,DIESEL,51.980234375
2019-12-03,DIESEL PLUS,42.37463235294118
2019-12-03,KEROSENE,44.21988636363636
2019-12-03,RON 100,47.802727272727275
2019-12-03,RON 91,53.01975409836066
2019-12-03,RON 95,55.05116279069767
2019-12-03,RON 97,57.126999999999995
2019-12-10,DIESEL,51.24172131147541
2019-12-10,DIESEL PLUS,42.31684615384615
2019-12-10,KEROSENE,44.313125
2019-12-10,RON 100,47.77285714285714
2019-12-10,RON 91,52.58418032786885
2019-12-10,RON 95,54.45878048780488
2019-12-10,RON 97,56.88099999999999
2019-12-17,DIESEL,51.1605737704918
2019-12-17,DIESEL PLUS,42.55492307692308
2019-12-17,KEROSENE,44.53075
2019-12-17,RON 100,48.567142857142855
2019-12-17,RON 91,52.553360655737706
2019-12-17,RON 95,54.49463414634147
2019-12-17,RON 97,56.745000000000005
2019-12-24,DIESEL,51.01270491803279
2019-12-24,DIESEL PLUS,43.52915384615385
2019-12-24,KEROSENE,45.787
2019-12-24,RON 100,49.411904761904765
2019-12-24,RON 91,52.39311475409836
2019-12-24,RON 95,54.306585365853664
2019-12-24,RON 97,56.323
2019-12-31,DIESEL,52.37518518518519
2019-12-31,DIESEL PLUS,44.34364406779661
2019-12-31,KEROSENE,46.188809523809525
2019-12-31,RON 100,49.295
2019-12-31,RON 91,53.666320754716985
2019-12-31,RON 95,54.55128205128205
2019-12-31,RON 97,57.279999999999994
2020-01-07,DIESEL,52.13649122807018
2020-01-07,DIESEL PLUS,44.409596774193545
2020-01-07,KEROSENE,46.445952380952384
2020-01-07,RON 100,49.934
2020-01-07,RON 91,53.48324561403509
2020-01-07,RON 95,54.62146341463415
2020-01-07,RON 97,57.17999999999999
2020-01-14,DIESEL,52.18280701754386
2020-01-14,DIESEL PLUS,44.336612903225806
2020-01-14,KEROSENE,46.21261904761905
2020-01-14,RON 100,49.644
2020-01-14,RON 91,53.306228070175436
2020-01-14,RON 95,54.569756097560976
2020-01-14,RON 97,56.964
2020-01-21,DIESEL,52.74324561403508
2020-01-21,DIESEL PLUS,51.42491666666667
2020-01-21,KEROSENE,43.561800000000005
2020-01-21,RON 100,43.820263157894736
2020-01-21,RON 91,53.89527777777778
2020-01-21,RON 95,54.831875
2020-01-21,RON 97,47.642
2020-01-28,DIESEL,50.736636363636364
2020-01-28,DIESEL PLUS,42.41601694915254
2020-01-28,KEROSENE,44.73095238095238
2020-01-28,RON 100,47.159000000000006
2020-01-28,RON 91,52.06064814814815
2020-01-28,RON 95,53.46825581395349
2020-01-28,RON 97,55.814
2020-02-04,DIESEL,49.37954545454546
2020-02-04,DIESEL PLUS,41.02347457627119
2020-02-04,KEROSENE,43.01261904761905
2020-02-04,RON 100,45.2515
2020-02-04,RON 91,50.853181818181824
2020-02-04,RON 95,52.09634146341463
2020-02-04,RON 97,54.090999999999994
2020-02-11,DIESEL,48.96301724137931
2020-02-11,DIESEL PLUS,40.384435483870966
2020-02-11,KEROSENE,42.27943181818182
2020-02-11,RON 100,44.421
2020-02-11,RON 91,50.272894736842105
2020-02-11,RON 95,52.010374999999996
2020-02-11,RON 97,53.846000000000004
2020-02-25,DIESEL,50.063018867924534
2020-02-25,DIESEL PLUS,40.59929824561403
2020-02-25,KEROSENE,42.50345238095238
2020-02-25,RON 100,44.636315789473684
2020-02-25,RON 91,51.15884615384615
2020-02-25,RON 95,53.37081081081081
2020-02-25,RON 97,55.209
2020-03-03,DIESEL,48.65137931034483
2020-03-03,DIESEL PLUS,38.847822580645165
2020-03-03,KEROSENE,40.943977272727274
2020-03-03,RON 100,43.34315789473684
2020-03-03,RON 91,50.20025862068965
2020-03-03,RON 95,51.904210526315794
2020-03-03,RON 97,53.922000000000004
2020-03-10,DIESEL,47.21948275862069
2020-03-10,DIESEL PLUS,38.04362903225806
2020-03-10,KEROSENE,40.269418604651165
2020-03-10,RON 100,42.29315789473684
2020-03-10,RON 91,48.70822033898305
2020-03-10,RON 95,50.92722222222222
2020-03-10,RON 97,52.821000000000005
2020-03-17,DIESEL,44.52694915254238
2020-03-17,DIESEL PLUS,42.907833333333336
2020-03-17,KEROSENE,34.33540540540541
2020-03-17,RON 100,36.249545454545455
2020-03-17,RON 91,46.636874999999996
2020-03-17,RON 95,47.47125
2020-03-17,RON 97,39.12928571428572
2020-03-31,DIESEL,37.70935483870968
2020-03-31,DIESEL PLUS,31.19425925925926
2020-03-31,KEROSENE,33.32522727272727
2020-03-31,RON 100,32.016363636363636
2020-03-31,RON 91,39.42172131147541
2020-03-31,RON 95,40.90424242424242
2020-03-31,RON 97,40.722307692307695
2020-04-07,DIESEL,38.66816666666667
2020-04-07,DIESEL PLUS,37.14814516129032
2020-04-07,KEROSENE,30.713904109589038
2020-04-07,RON 100,33.691818181818185
2020-04-07,RON 91,40.87897058823529
2020-04-07,RON 95,41.880625
2020-04-07,RON 97,31.549999999999997
2020-04-14,DIESEL,37.806393442622955
2020-04-14,DIESEL PLUS,30.785740740740742
2020-04-14,KEROSENE,33.005250000000004
2020-04-14,RON 100,31.31857142857143
2020-04-14,RON 91,39.57525
2020-04-14,RON 95,41.58772727272727
2020-04-14,RON 97,40.910714285714285
2020-04-21,DIESEL,37.49637096774194
2020-04-21,DIESEL PLUS,29.79
2020-04-21,KEROSENE,31.083482142857143
2020-04-21,RON 100,30.45
2020-04-21,RON 91,38.98269230769231
2020-04-21,RON 95,41.598333333333336
2020-04-21,RON 97,40.586666666666666
2020-04-28,DIESEL,37.510737704918036
2020-04-28,DIESEL PLUS,28.30756756756757
2020-04-28,KEROSENE,29.53640350877193
2020-04-28,RON 100,28.407894736842106
2020-04-28,RON 91,38.935873015873014
2020-04-28,RON 95,41.551538461538456
2020-04-28,RON 97,39.892
2020-05-05,DIESEL,38.22429824561403
2020-05-05,DIESEL PLUS,28.176454545454543
2020-05-05,KEROSENE,29.171489361702125
2020-05-05,RON 100,28.035
2020-05-05,RON 91,39.4059375
2020-05-05,RON 95,41.510285714285715
2020-05-05,RON 97,43.30555555555556
2020-05-12,DIESEL,41.19736842105263
2020-05-12,DIESEL PLUS,40.06483333333333
2020-05-12,KEROSENE,29.81304054054054
2020-05-12,RON 100,32.364318181818184
2020-05-12,RON 91,43.121857142857145
2020-05-12,RON 95,44.239375
2020-05-12,RON 97,28.936500000000002
2020-05-19,DIESEL,41.52065573770492
2020-05-19,DIESEL PLUS,30.82445945945946
2020-05-19,KEROSENE,31.850762711864405
2020-05-19,RON 100,31.567142857142855
2020-05-19,RON 91,42.9996875
2020-05-19,RON 95,45.2
2020-05-19,RON 97,43.76933333333333
2020-05-26,DIESEL,43.143934426229514
2020-05-26,DIESEL PLUS,32.75396226415094
2020-05-26,KEROSENE,34.684222222222225
2020-05-26,RON 100,33.85181818181818
2020-05-26,RON 91,44.51118644067796
2020-05-26,RON 95,46.80867647058823
2020-05-26,RON 97,45.31357142857143
2020-06-02,DIESEL,42.70241935483871
2020-06-02,DIESEL PLUS,32.807685185185186
2020-06-02,KEROSENE,34.809888888888885
2020-06-02,RON 100,34.285000000000004
2020-06-02,RON 91,44.23711864406779
2020-06-02,RON 95,46.84314285714286
2020-06-02,RON 97,44.82454545454545
2020-06-09,DIESEL,45.55456896551724
2020-06-09,DIESEL PLUS,44.32106557377049
2020-06-09,KEROSENE,34.15863636363637
2020-06-09,RON 100,36.22659090909091
2020-06-09,RON 91,48.11171428571428
2020-06-09,RON 95,48.64
2020-06-09,RON 97,35.93222222222222
2020-06-16,DIESEL,47.20518181818181
2020-06-16,DIESEL PLUS,45.82966666666667
2020-06-16,KEROSENE,35.39430379746835
2020-06-16,RON 100,37.52222222222222
2020-06-16,RON 91,49.60733333333334
2020-06-16,RON 95,49.38157894736842
2020-06-16,RON 97,37.93761904761905
2020-06-23,DIESEL,47.03425
2020-06-23,DIESEL PLUS,35.507372881355934
2020-06-23,KEROSENE,39.38324324324324
2020-06-23,RON 100,37.569
2020-06-23,RON 91,48.21052631578947
2020-06-23,RON 95,51.26794117647059
2020-06-23,RON 97,50.834375
2020-06-30,DIESEL,48.29669491525424
2020-06-30,DIESEL PLUS,36.77214285714286
2020-06-30,KEROSENE,39.08261363636364
2020-06-30,RON 100,38.116499999999995
2020-06-30,RON 91,49.11858333333334
2020-06-30,RON 95,52.551
2020-06-30,RON 97,52.830714285714286
2020-07-07,DIESEL,47.40991666666666
2020-07-07,DIESEL PLUS,36.360083333333336
2020-07-07,KEROSENE,40.090135135135135
2020-07-07,RON 100,37.7055
2020-07-07,RON 91,48.41508620689655
2020-07-07,RON 95,51.35176470588235
2020-07-07,RON 97,52.098125
2020-07-14,DIESEL,49.30554545454545
2020-07-14,DIESEL PLUS,47.98433333333333
2020-07-14,KEROSENE,37.43449367088608
2020-07-14,RON 100,39.6375
2020-07-14,RON 91,52.583
2020-07-14,RON 95,52.12647058823529
2020-07-14,RON 97,38.90761904761904
2020-07-21,DIESEL,47.94683333333333
2020-07-21,DIESEL PLUS,36.532881355932204
2020-07-21,KEROSENE,40.37388888888889
2020-07-21,RON 100,38.50411764705883
2020-07-21,RON 91,48.97526315789474
2020-07-21,RON 95,52.202058823529406
2020-07-21,RON 97,52.67285714285714
2020-07-28,DIESEL,48.1715
2020-07-28,DIESEL PLUS,36.70558333333334
2020-07-28,KEROSENE,40.812999999999995
2020-07-28,RON 100,38.83941176470588
2020-07-28,RON 91,49.21870689655172
2020-07-28,RON 95,52.4735294117647
2020-07-28,RON 97,52.972857142857144
2020-08-04,DIESEL,47.892258064516135
2020-08-04,DIESEL PLUS,36.528934426229505
2020-08-04,KEROSENE,40.10644736842105
2020-08-04,RON 100,38.65684210526316
2020-08-04,RON 91,49.087250000000004
2020-08-04,RON 95,51.79264705882353
2020-08-04,RON 97,52.52357142857143
2020-08-11,DIESEL,47.995
2020-08-11,DIESEL PLUS,36.230000000000004
2020-08-11,KEROSENE,39.83828947368421
2020-08-11,RON 100,38.455789473684206
2020-08-11,RON 91,49.30141666666667
2020-08-11,RON 95,51.86382352941176
2020-08-11,RON 97,52.74857142857143
2020-08-18,DIESEL,49.904999999999994
2020-08-18,DIESEL PLUS,47.849603174603175
2020-08-18,KEROSENE,36.96536585365853
2020-08-18,RON 100,39.23305555555556
2020-08-18,RON 91,52.72366666666667
2020-08-18,RON 95,52.102631578947374
2020-08-18,RON 97,39.295
2020-08-25,DIESEL,48.49534482758621
2020-08-25,DIESEL PLUS,41.88281818181818
2020-08-25,KEROSENE,37.91616071428571
2020-08-25,RON 100,38.27519230769231
2020-08-25,RON 91,50.73888888888889
2020-08-25,RON 95,52.60846153846153
2020-08-25,RON 97,48.291333333333334
2020-09-01,DIESEL,49.67454545454545
2020-09-01,DIESEL PLUS,48.04246031746032
2020-09-01,KEROSENE,36.17261904761905
2020-09-01,RON 100,38.04694444444445
2020-09-01,RON 91,52.1228125
2020-09-01,RON 95,51.71894736842105
2020-09-01,RON 97,39.03526315789474
2020-09-08,DIESEL,49.104824561403504
2020-09-08,DIESEL PLUS,47.73008333333333
2020-09-08,KEROSENE,35.63628048780488
2020-09-08,RON 100,37.54638888888889
2020-09-08,RON 91,51.95933333333333
2020-09-08,RON 95,51.08947368421053
2020-09-08,RON 97,38.29222222222222
2020-09-15,DIESEL,47.872982456140356
2020-09-15,DIESEL PLUS,46.368500000000004
2020-09-15,KEROSENE,34.1059756097561
2020-09-15,RON 100,35.6325
2020-09-15,RON 91,50.893
2020-09-15,RON 95,49.77235294117647
2020-09-15,RON 97,36.867222222222225
2020-09-22,DIESEL,46.85308333333333
2020-09-22,DIESEL PLUS,33.33564516129032
2020-09-22,KEROSENE,36.82527027027027
2020-09-22,RON 100,36.50058823529412
2020-09-22,RON 91,47.948750000000004
2020-09-22,RON 95,51.19147058823529
2020-09-22,RON 97,50.9875
2020-09-29,DIESEL,48.326052631578946
2020-09-29,DIESEL PLUS,47.00358333333334
2020-09-29,KEROSENE,34.075426829268295
2020-09-29,RON 100,35.8725
2020-09-29,RON 91,51.050666666666665
2020-09-29,RON 95,50.60368421052632
2020-09-29,RON 97,38.050555555555555
2020-10-06,DIESEL,48.42017543859649
2020-10-06,DIESEL PLUS,47.147666666666666
2020-10-06,KEROSENE,34.061375
2020-10-06,RON 100,35.75944444444444
2020-10-06,RON 91,51.24
2020-10-06,RON 95,50.381052631578946
2020-10-06,RON 97,38.239444444444445
2020-10-13,DIESEL,48.1425
2020-10-13,DIESEL PLUS,46.804576271186434
2020-10-13,KEROSENE,34.16168831168831
2020-10-13,RON 100,35.90694444444445
2020-10-13,RON 91,50.617333333333335
2020-10-13,RON 95,49.72529411764706
2020-10-13,RON 97,38.75833333333333
2020-10-20,DIESEL,47.04122950819672
2020-10-20,DIESEL PLUS,46.741120689655176
2020-10-20,KEROSENE,34.5019014084507
2020-10-20,RON 100,35.81136363636364
2020-10-20,RON 91,49.79588235294118
2020-10-20,RON 95,50.598571428571425
2020-10-20,RON 97,37.85444444444445
2020-10-27,DIESEL,47.48587719298246
2020-10-27,DIESEL PLUS,46.44992063492063
2020-10-27,KEROSENE,34.09765432098765
2020-10-27,RON 100,35.76444444444444
2020-10-27,RON 91,49.825625
2020-10-27,RON 95,49.773529411764706
2020-10-27,RON 97,38.87777777777777
2020-11-03,DIESEL,47.104491525423725
2020-11-03,DIESEL PLUS,45.78818181818182
2020-11-03,KEROSENE,33.559
2020-11-03,RON 100,34.73305555555556
2020-11-03,RON 91,49.128125
2020-11-03,RON 95,48.86176470588235
2020-11-03,RON 97,38.05277777777778
2020-11-10,DIESEL,46.66885964912281
2020-11-10,DIESEL PLUS,45.53532786885246
2020-11-10,KEROSENE,33.78717105263158
2020-11-10,RON 100,34.881136363636365
2020-11-10,RON 91,48.81117647058824
2020-11-10,RON 95,49.462857142857146
2020-11-10,RON 97,37.61235294117647
2020-11-17,DIESEL,47.675446428571426
2020-11-17,DIESEL PLUS,46.50344262295082
2020-11-17,KEROSENE,34.68785714285715
2020-11-17,RON 100,36.41704545454545
2020-11-17,RON 91,49.773823529411764
2020-11-17,RON 95,50.73857142857143
2020-11-17,RON 97,38.89705882352941
2020-11-24,DIESEL,47.42236842105263
2020-11-24,DIESEL PLUS,46.33877049180328
2020-11-24,KEROSENE,35.20310810810811
2020-11-24,RON 100,34.32568181818181
2020-11-24,RON 91,49.7728125
2020-11-24,RON 95,50.725
2020-11-24,RON 97,38.34066666666667
2020-12-01,DIESEL,48.33421052631579
2020-12-01,DIESEL PLUS,47.267704918032784
2020-12-01,KEROSENE,36.22722972972973
2020-12-01,RON 100,37.91
2020-12-01,RON 91,50.46705882352941
2020-12-01,RON 95,51.541428571428575
2020-12-01,RON 97,38.34066666666667
2020-12-08,DIESEL,48.24070175438597
2020-12-08,DIESEL PLUS,47.29491803278689
2020-12-08,KEROSENE,36.70822368421052
2020-12-08,RON 100,38.27454545454545
2020-12-08,RON 91,50.603529411764704
2020-12-08,RON 95,51.87357142857143
2020-12-08,RON 97,38.79
2020-12-15,DIESEL,47.744727272727275
2020-12-15,DIESEL PLUS,46.80805084745763
2020-12-15,KEROSENE,36.670810810810806
2020-12-15,RON 100,38.20681818181818
2020-12-15,RON 91,51.125
2020-12-15,RON 95,49.93285714285714
2020-12-15,RON 97,41.44411764705882
2020-12-22,DIESEL,48.352818181818186
2020-12-22,DIESEL PLUS,47.46211864406779
2020-12-22,KEROSENE,37.47445945945946
2020-12-22,RON 100,39.01272727272727
2020-12-22,RON 91,51.925000000000004
2020-12-22,RON 95,50.675714285714285
2020-12-22,RON 97,42.20705882352941
2020-12-29,DIESEL,48.28781818181818
2020-12-29,DIESEL PLUS,47.353305084745756
2020-12-29,KEROSENE,37.28695945945946
2020-12-29,RON 100,38.4125
2020-12-29,RON 91,52.686
2020-12-29,RON 95,50.64142857142857
2020-12-29,RON 97,41.99823529411765
2021-01-05,DIESEL,48.05140350877193
2021-01-05,DIESEL PLUS,47.104918032786884
2021-01-05,KEROSENE,36.90912162162162
2021-01-05,RON 100,38.16357142857143
2021-01-05,RON 91,51.709705882352935
2021-01-05,RON 95,50.65857142857143
2021-01-05,RON 97,42.311052631578946
2021-01-12,DIESEL,48.81263157894737
2021-01-12,DIESEL PLUS,47.83795081967213
2021-01-12,KEROSENE,37.5191447368421
2021-01-12,RON 100,38.72630434782609
2021-01-12,RON 91,51.908857142857144
2021-01-12,RON 95,51.46928571428571
2021-01-12,RON 97,42.58947368421053
2021-01-19,DIESEL,49.499736842105264
2021-01-19,DIESEL PLUS,48.50303278688524
2021-01-19,KEROSENE,38.125855263157895
2021-01-19,RON 100,38.981521739130436
2021-01-19,RON 91,52.824
2021-01-19,RON 95,51.17142857142857
2021-01-19,RON 97,43.59166666666667
2021-01-26,DIESEL,49.05412280701754
2021-01-26,DIESEL PLUS,48.08622950819672
2021-01-26,KEROSENE,37.80743421052632
2021-01-26,RON 100,39.16391304347826
2021-01-26,RON 91,51.95285714285714
2021-01-26,RON 95,50.80142857142857
2021-01-26,RON 97,43.49194444444444
2021-02-02,DIESEL,49.218305084745765
2021-02-02,DIESEL PLUS,48.21380952380953
2021-02-02,KEROSENE,37.7124358974359
2021-02-02,RON 100,38.94717391304348
2021-02-02,RON 91,52.02914285714286
2021-02-02,RON 95,50.78857142857142
2021-02-02,RON 97,43.32833333333333
2021-02-09,DIESEL,49.86526315789474
2021-02-09,DIESEL PLUS,48.78677419354839
2021-02-09,KEROSENE,38.43094936708861
2021-02-09,RON 100,40.00152173913043
2021-02-09,RON 91,52.815999999999995
2021-02-09,RON 95,51.42785714285714
2021-02-09,RON 97,43.941842105263156
2021-02-16,DIESEL,50.42627118644068
2021-02-16,DIESEL PLUS,49.34265625
2021-02-16,KEROSENE,39.59475308641976
2021-02-16,RON 100,41.00913043478261
2021-02-16,RON 91,53.60457142857143
2021-02-16,RON 95,51.93857142857143
2021-02-16,RON 97,45.27289473684211
2021-02-23,DIESEL,51.04713114754098
2021-02-23,DIESEL PLUS,50.18061538461538
2021-02-23,KEROSENE,40.6160625
2021-02-23,RON 100,41.73913043478261
2021-02-23,RON 91,54.37108108108108
2021-02-23,RON 95,53.034285714285716
2021-02-23,RON 97,46.409166666666664
2021-03-09,DIESEL,51.94686440677966
2021-03-09,DIESEL PLUS,50.7940625
2021-03-09,KEROSENE,40.80098765432099
2021-03-09,RON 100,42.212391304347825
2021-03-09,RON 91,54.80243243243243
2021-03-09,RON 95,53.934285714285714
2021-03-09,RON 97,46.46763157894737
2021-03-16,DIESEL,52.741967213114755
2021-03-16,DIESEL PLUS,51.682538461538456
2021-03-16,KEROSENE,41.7109375
2021-03-16,RON 100,43.14108695652174
2021-03-16,RON 91,55.83972972972973
2021-03-16,RON 95,55.00928571428572
2021-03-16,RON 97,47.392222222222216
2021-03-23,DIESEL,52.97966101694916
2021-03-23,DIESEL PLUS,51.8446875
2021-03-23,KEROSENE,41.300308641975306
2021-03-23,RON 100,42.97369565217391
2021-03-23,RON 91,55.92675675675675
2021-03-23,RON 95,55.05928571428571
2021-03-23,RON 97,46.90315789473684
2021-03-30,DIESEL,51.24172131147541
2021-03-30,DIESEL PLUS,50.333769230769235
2021-03-30,KEROSENE,40.0770625
2021-03-30,RON 100,41.503043478260864
2021-03-30,RON 91,54.73135135135135
2021-03-30,RON 95,53.31714285714286
2021-03-30,RON 97,45.80361111111111
2021-04-06,DIESEL,51.81960317460318
2021-04-06,DIESEL PLUS,50.838731343283584
2021-04-06,KEROSENE,40.0219512195122
2021-04-06,RON 100,41.56326086956522
2021-04-06,RON 91,55.3745945945946
2021-04-06,RON 95,53.894999999999996
2021-04-06,RON 97,45.69416666666667
2021-04-13,DIESEL,51.84688524590164
2021-04-13,DIESEL PLUS,50.83113636363636
2021-04-13,KEROSENE,39.98048192771085
2021-04-13,RON 100,41.64630434782609
2021-04-13,RON 91,54.79702702702703
2021-04-13,RON 95,53.97785714285715
2021-04-13,RON 97,45.47184210526316
2021-04-27,DIESEL,52.43524590163935
2021-04-27,DIESEL PLUS,51.3890909090909
2021-04-27,KEROSENE,40.891746987951805
2021-04-27,RON 100,42.39695652173913
2021-04-27,RON 91,55.49945945945946
2021-04-27,RON 95,54.63928571428571
2021-04-27,RON 97,46.82421052631579
2021-05-04,DIESEL,52.31276923076923
2021-05-04,DIESEL PLUS,51.58391304347826
2021-05-04,KEROSENE,41.28180722891566
2021-05-04,RON 100,42.82978260869565
2021-05-04,RON 91,55.67108108108108
2021-05-04,RON 95,54.825
2021-05-04,RON 97,47.35055555555555
2021-05-11,DIESEL,52.91615384615385
2021-05-11,DIESEL PLUS,52.14297101449275
2021-05-11,KEROSENE,41.85319277108434
2021-05-11,RON 100,43.416739130434784
2021-05-11,RON 91,56.429189189189195
2021-05-11,RON 95,55.49428571428571
2021-05-11,RON 97,48.02
2021-05-18,DIESEL,52.76315384615385
2021-05-18,DIESEL PLUS,52.01971014492754
2021-05-18,KEROSENE,42.05656626506024
2021-05-18,RON 100,43.706304347826084
2021-05-18,RON 91,56.258918918918916
2021-05-18,RON 95,55.347857142857144
2021-05-18,RON 97,48.03388888888889
2021-05-25,DIESEL,52.923
2021-05-25,DIESEL PLUS,52.18913043478261
2021-05-25,KEROSENE,42.334939759036146
2021-05-25,RON 100,44.155869565217394
2021-05-25,RON 91,56.12025641025641
2021-05-25,RON 95,55.475
2021-05-25,RON 97,48.01888888888889
2021-06-01,DIESEL,54.55452702702703
2021-06-01,DIESEL PLUS,53.617236842105264
2021-06-01,KEROSENE,43.6666847826087
2021-06-01,RON 100,44.56741379310345
2021-06-01,RON 91,57.56454545454546
2021-06-01,RON 95,56.27285714285715
2021-06-01,RON 97,47.67181818181818
2021-06-08,DIESEL,54.72131944444445
2021-06-08,DIESEL PLUS,54.0062
2021-06-08,KEROSENE,44.266576086956526
2021-06-08,RON 100,45.292068965517245
2021-06-08,RON 91,57.75772727272727
2021-06-08,RON 95,56.409285714285716
2021-06-08,RON 97,48.35681818181818
2021-06-15,DIESEL,55.17451388888889
2021-06-15,DIESEL PLUS,54.471
2021-06-15,KEROSENE,42.86483695652174
2021-06-15,RON 100,45.65
2021-06-15,RON 91,58.15
2021-06-15,RON 95,57.01
2021-06-15,RON 97,48.590681818181814
2021-06-22,DIESEL,55.757777777777775
2021-06-22,DIESEL PLUS,55.03013333333334
2021-06-22,KEROSENE,45.01811111111111
2021-06-22,RON 100,46.289482758620686
2021-06-22,RON 91,58.72022727272727
2021-06-22,RON 95,57.86571428571428
2021-06-22,RON 97,49.20204545454545
2021-06-29,DIESEL,56.77135135135135
2021-06-29,DIESEL PLUS,56.088701298701295
2021-06-29,KEROSENE,45.57728260869565
2021-06-29,RON 100,47.02568965517242
2021-06-29,RON 91,59.441818181818185
2021-06-29,RON 95,58.82142857142857
2021-06-29,RON 97,49.98431818181818
2021-07-06,DIESEL,57.33891891891892
2021-07-06,DIESEL PLUS,56.40223684210526
2021-07-06,KEROSENE,45.59888888888889
2021-07-06,RON 100,47.00689655172414
2021-07-06,RON 91,59.9575
2021-07-06,RON 95,59.42142857142857
2021-07-06,RON 97,49.780227272727274
2021-07-13,DIESEL,58.19567567567567
2021-07-13,DIESEL PLUS,57.43883116883117
2021-07-13,KEROSENE,46.017826086956525
2021-07-13,RON 100,47.44706896551724
2021-07-13,RON 91,60.92522727272728
2021-07-13,RON 95,60.57142857142857
2021-07-13,RON 97,50.265750000000004
2021-07-20,DIESEL,58.21883561643836
2021-07-20,DIESEL PLUS,57.62873333333333
2021-07-20,KEROSENE,46.40606741573034
2021-07-20,RON 100,47.74982758620689
2021-07-20,RON 91,60.59852272727273
2021-07-20,RON 95,60.53857142857142
2021-07-20,RON 97,50.44166666666667
2021-07-27,DIESEL,57.58513513513514
2021-07-27,DIESEL PLUS,56.674407894736845
2021-07-27,KEROSENE,45.514
2021-07-27,RON 100,47.0648275862069
2021-07-27,RON 91,59.75840909090909
2021-07-27,RON 95,59.37785714285714
2021-07-27,RON 97,49.87725
2021-08-03,DIESEL,58.38837837837838
2021-08-03,DIESEL PLUS,57.71525974025974
2021-08-03,KEROSENE,46.213913043478264
2021-08-03,RON 100,47.89931034482758
2021-08-03,RON 91,60.875
2021-08-03,RON 95,60.35642857142857
2021-08-03,RON 97,50.68975
2021-08-10,DIESEL,57.606081081081086
2021-08-10,DIESEL PLUS,56.8825
2021-08-10,KEROSENE,45.388548387096776
2021-08-10,RON 100,47.16896551724138
2021-08-10,RON 91,59.828043478260874
2021-08-10,RON 95,59.777857142857144
2021-08-10,RON 97,49.9735
2021-08-17,DIESEL,57.63013698630137
2021-08-17,DIESEL PLUS,56.8711038961039
2021-08-17,KEROSENE,45.214010989010994
2021-08-17,RON 100,46.925862068965515
2021-08-17,RON 91,59.94372340425532
2021-08-17,RON 95,59.60285714285715
2021-08-17,RON 97,49.49809523809524
2021-08-24,DIESEL,52.05606382978723
2021-08-24,DIESEL PLUS,42.79858208955224
2021-08-24,KEROSENE,48.06468085106383
2021-08-24,RON 100,50.87222222222223
2021-08-24,RON 91,55.795566037735846
2021-08-24,RON 95,59.537600000000005
2021-08-24,RON 97,58.343906249999996
2021-08-31,DIESEL,48.756791666666665
2021-08-31,DIESEL PLUS,45.861250000000005
2021-08-31,KEROSENE,49.37033333333333
2021-08-31,RON 100,55.46857142857142
2021-08-31,RON 91,54.187654320987654
2021-08-31,RON 95,57.75162790697675
2021-08-31,RON 97,56.88683673469387
2021-09-07,DIESEL,57.22128378378378
2021-09-07,DIESEL PLUS,56.43955696202532
2021-09-07,KEROSENE,45.712526881720436
2021-09-07,RON 100,47.558392857142856
2021-09-07,RON 91,59.97071428571429
2021-09-07,RON 95,60.18857142857143
2021-09-07,RON 97,50.02095238095238
2021-09-14,DIESEL,49.84879166666667
2021-09-14,DIESEL PLUS,47.00069444444445
2021-09-14,KEROSENE,50.376666666666665
2021-09-14,RON 100,56.31142857142857
2021-09-14,RON 91,55.06518518518518
2021-09-14,RON 95,59.702209302325585
2021-09-14,RON 97,59.93812500000001
2021-09-21,DIESEL,50.539125
2021-09-21,DIESEL PLUS,47.68291666666667
2021-09-21,KEROSENE,50.50518518518519
2021-09-21,RON 100,57.07857142857143
2021-09-21,RON 91,55.59339506172839
2021-09-21,RON 95,60.52406976744186
2021-09-21,RON 97,60.80447916666666
2021-09-28,DIESEL,51.13341666666667
2021-09-28,DIESEL PLUS,48.513749999999995
2021-09-28,KEROSENE,51.329629629629636
2021-09-28,RON 100,57.85214285714285
2021-09-28,RON 91,56.17067901234568
2021-09-28,RON 95,60.912674418604645
2021-09-28,RON 97,61.30489583333334
2021-10-05,DIESEL,60.01817567567568
2021-10-05,DIESEL PLUS,59.385324675324675
2021-10-05,KEROSENE,49.32818681318681
2021-10-05,RON 100,51.361607142857146
2021-10-05,RON 91,62.66510204081633
2021-10-05,RON 95,63.478571428571435
2021-10-05,RON 97,53.565
2021-10-12,DIESEL,61.134527027027026
2021-10-12,DIESEL PLUS,60.485779220779214
2021-10-12,KEROSENE,50.613076923076925
2021-10-12,RON 100,52.90482142857143
2021-10-12,RON 91,63.86214285714286
2021-10-12,RON 95,64.6557142857143
2021-10-12,RON 97,54.786500000000004
2021-10-26,DIESEL,64.09554054054054
2021-10-26,DIESEL PLUS,63.27487012987013
2021-10-26,KEROSENE,52.748097826086955
2021-10-26,RON 100,54.89392857142857
2021-10-26,RON 91,66.82959183673469
2021-10-26,RON 95,67.61214285714286
2021-10-26,RON 97,56.699
2021-11-02,DIESEL,56.59228448275862
2021-11-02,DIESEL PLUS,53.81055555555556
2021-11-02,KEROSENE,56.584074074074074
2021-11-02,RON 100,63.98076923076923
2021-11-02,RON 91,62.562777777777775
2021-11-02,RON 95,67.1627380952381
2021-11-02,RON 97,68.03468085106383
2021-11-09,DIESEL,55.77594262295082
2021-11-09,DIESEL PLUS,53.05902777777778
2021-11-09,KEROSENE,55.83481481481481
2021-11-09,RON 100,63.40461538461538
2021-11-09,RON 91,61.48075
2021-11-09,RON 95,66.08
2021-11-09,RON 97,66.9725
2021-11-16,DIESEL,55.44651639344263
2021-11-16,DIESEL PLUS,53.04277777777778
2021-11-16,KEROSENE,55.80148148148149
2021-11-16,RON 100,62.823076923076925
2021-11-16,RON 91,60.602
2021-11-16,RON 95,65.29852272727273
2021-11-16,RON 97,66.0699
2021-11-23,DIESEL,54.37504098360656
2021-11-23,DIESEL PLUS,51.966388888888886
2021-11-23,KEROSENE,54.48962962962963
2021-11-23,RON 100,61.19461538461538
2021-11-23,RON 91,59.699875
2021-11-23,RON 95,64.36045454545454
2021-11-23,RON 97,65.1549
2021-11-30,DIESEL,53.471024590163935
2021-11-30,DIESEL PLUS,51.31918918918919
2021-11-30,KEROSENE,53.95807692307692
2021-11-30,RON 100,59.667692307692306
2021-11-30,RON 91,58.268562499999994
2021-11-30,RON 95,63.17227272727273
2021-11-30,RON 97,63.8543
2021-12-07,DIESEL,50.9052868852459
2021-12-07,DIESEL PLUS,48.72918918918919
2021-12-07,KEROSENE,51.39269230769231
2021-12-07,RON 100,57.190769230769234
2021-12-07,RON 91,55.7745
2021-12-07,RON 95,60.74977272727272
2021-12-07,RON 97,61.431999999999995
2021-12-14,DIESEL,52.171229508196724
2021-12-14,DIESEL PLUS,49.87540540540541
2021-12-14,KEROSENE,52.552692307692304
2021-12-14,RON 100,58.606153846153845
2021-12-14,RON 91,57.1931875
2021-12-14,RON 95,62.20340909090908
2021-12-14,RON 97,62.9684
2021-12-21,DIESEL,60.38080000000001
2021-12-21,DIESEL PLUS,59.5244375
2021-12-21,KEROSENE,48.701263157894736
2021-12-21,RON 100,51.33362068965517
2021-12-21,RON 91,63.1683
2021-12-21,RON 95,63.30571428571428
2021-12-21,RON 97,52.702352941176464
2021-12-28,DIESEL,60.21093333333333
2021-12-28,DIESEL PLUS,59.29718749999999
2021-12-28,KEROSENE,47.992
2021-12-28,RON 100,50.527931034482755
2021-12-28,RON 91,62.7603
2021-12-28,RON 95,63.105714285714285
2021-12-28,RON 97,51.90882352941177
2022-01-04,DIESEL,54.33491803278688
2022-01-04,DIESEL PLUS,51.85324324324324
2022-01-04,KEROSENE,54.403076923076924
2022-01-04,RON 100,60.75076923076923
2022-01-04,RON 91,59.349125
2022-01-04,RON 95,64.32409090909091
2022-01-04,RON 97,64.74843750000001
2022-01-11,DIESEL,62.641733333333335
2022-01-11,DIESEL PLUS,61.804625
2022-01-11,KEROSENE,51.37952631578948
2022-01-11,RON 100,53.75189655172414
2022-01-11,RON 91,65.2305
2022-01-11,RON 95,65.76642857142858
2022-01-11,RON 97,54.55882352941177
2022-01-18,DIESEL,63.493133333333326
2022-01-18,DIESEL PLUS,62.676812500000004
2022-01-18,KEROSENE,53.16652631578947
2022-01-18,RON 100,55.55948275862069
2022-01-18,RON 91,66.0165
2022-01-18,RON 95,66.60857142857142
2022-01-18,RON 97,56.832941176470584
2022-01-25,DIESEL,64.71313333333333
2022-01-25,DIESEL PLUS,63.942875
2022-01-25,KEROSENE,55.01478947368421
2022-01-25,RON 100,57.51155172413793
2022-01-25,RON 91,67.2927
2022-01-25,RON 95,68.27857142857142
2022-01-25,RON 97,58.54588235294118
2022-02-01,DIESEL,65.33333333333333
2022-02-01,DIESEL PLUS,64.5333125
2022-02-01,KEROSENE,55.70395833333333
2022-02-01,RON 100,57.852758620689656
2022-02-01,RON 91,68.24163461538461
2022-02-01,RON 95,68.46333333333334
2022-02-01,RON 97,60.246956521739136
2022-02-08,DIESEL,59.86983606557377
2022-02-08,DIESEL PLUS,58.317297297297294
2022-02-08,KEROSENE,61.2235294117647
2022-02-08,RON 100,66.03733333333334
2022-02-08,RON 91,63.57025
2022-02-08,RON 95,68.32261363636364
2022-02-08,RON 97,69.2483
2022-02-15,DIESEL,67.09693333333333
2022-02-15,DIESEL PLUS,66.3381875
2022-02-15,KEROSENE,57.689375000000005
2022-02-15,RON 100,60.04344827586207
2022-02-15,RON 91,70.06336538461538
2022-02-15,RON 95,70.222
2022-02-15,RON 97,62.05772727272727
2022-02-22,DIESEL,67.1
2022-02-22,DIESEL PLUS,66.53615384615384
2022-02-22,KEROSENE,58.05409574468085
2022-02-22,RON 100,60.18966666666667
2022-02-22,RON 91,70.77759615384615
2022-02-22,RON 95,69.458125
2022-02-22,RON 97,62.18625
2022-03-01,DIESEL,61.602041666666665
2022-03-01,DIESEL PLUS,60.3818918918919
2022-03-01,KEROSENE,63.09424242424243
2022-03-01,RON 100,67.26933333333334
2022-03-01,RON 91,65.64623456790123
2022-03-01,RON 95,70.14604651162792
2022-03-01,RON 97,71.36275510204082
2022-03-08,DIESEL,71.50844594594595
2022-03-08,DIESEL PLUS,70.61183544303798
2022-03-08,KEROSENE,64.14824468085106
2022-03-08,RON 100,66.82206896551723
2022-03-08,RON 91,74.6196
2022-03-08,RON 95,74.13
2022-03-08,RON 97,67.15285714285714
2022-03-15,DIESEL,76.84016666666666
2022-03-15,DIESEL PLUS,78.75675675675676
2022-03-15,KEROSENE,70.55677419354838
2022-03-15,RON 100,74.22666666666667
2022-03-15,RON 91,75.63104938271604
2022-03-15,RON 95,80.35744186046512
2022-03-15,RON 97,81.87372549019608
2022-03-22,DIESEL,72.6425
2022-03-22,DIESEL PLUS,71.34784810126582
2022-03-22,KEROSENE,65.6839247311828
2022-03-22,RON 100,68.51448275862069
2022-03-22,RON 91,75.98
2022-03-22,RON 95,74.469375
2022-03-22,RON 97,68.57904761904763
2022-03-29,DIESEL,73.61908333333334
2022-03-29,DIESEL PLUS,75.28256756756757
2022-03-29,KEROSENE,77.7203125
2022-03-29,RON 100,77.76785714285714
2022-03-29,RON 91,72.98697530864197
2022-03-29,RON 95,77.69534883720931
2022-03-29,RON 97,79.11749999999999
2022-04-05,DIESEL,73.24966216216217
2022-04-05,DIESEL PLUS,71.99107594936709
2022-04-05,KEROSENE,72.00010752688172
2022-04-05,RON 100,74.92775862068964
2022-04-05,RON 91,76.75849056603774
2022-04-05,RON 95,75.519375
2022-04-05,RON 97,76.81363636363636
2022-04-12,DIESEL,72.08533783783783
2022-04-12,DIESEL PLUS,70.8662658227848
2022-04-12,KEROSENE,71.34494623655914
2022-04-12,RON 100,74.53068965517241
2022-04-12,RON 91,75.31905660377359
2022-04-12,RON 95,74.08
2022-04-12,RON 97,73.52363636363636
2022-04-19,DIESEL,72.42560810810811
2022-04-19,DIESEL PLUS,71.22481012658228
2022-04-19,KEROSENE,73.06752688172043
2022-04-19,RON 100,76.14275862068965
2022-04-19,RON 91,75.44264150943397
2022-04-19,RON 95,74.505
2022-04-19,RON 97,73.64999999999999
2022-04-26,DIESEL,75.27033783783784
2022-04-26,DIESEL PLUS,74.02791139240506
2022-04-26,KEROSENE,76.96483870967742
2022-04-26,RON 100,80.0255
2022-04-26,RON 91,78.10396226415095
2022-04-26,RON 95,77.46
2022-04-26,RON 97,77.19130434782609
2022-05-03,DIESEL,74.70824999999999
2022-05-03,DIESEL PLUS,78.11416666666668
2022-05-03,KEROSENE,77.78727272727272
2022-05-03,RON 100,76.495625
2022-05-03,RON 91,72.34345679012345
2022-05-03,RON 95,76.26895348837209
2022-05-03,RON 97,77.47924528301886
2022-05-10,DIESEL,78.64670833333334
2022-05-10,DIESEL PLUS,81.99972222222222
2022-05-10,KEROSENE,82.8796875
2022-05-10,RON 100,81.89
2022-05-10,RON 91,76.15086419753086
2022-05-10,RON 95,80.42127906976745
2022-05-10,RON 97,81.53326923076922
2022-05-17,DIESEL,78.23883561643837
2022-05-17,DIESEL PLUS,76.95550632911392
2022-05-17,KEROSENE,77.13198924731182
2022-05-17,RON 100,80.3137037037037
2022-05-17,RON 91,80.99160377358491
2022-05-17,RON 95,80.520625
2022-05-17,RON 97,79.951
2022-05-24,DIESEL,81.82736486486488
2022-05-24,DIESEL PLUS,80.65860759493671
2022-05-24,KEROSENE,74.80532258064517
2022-05-24,RON 100,78.04074074074073
2022-05-24,RON 91,84.79075471698113
2022-05-24,RON 95,84.734375
2022-05-24,RON 97,77.724
2022-05-31,DIESEL,76.66924999999999
2022-05-31,DIESEL PLUS,77.69769230769231
2022-05-31,KEROSENE,79.89176470588234
2022-05-31,RON 100,81.98533333333333
2022-05-31,RON 91,78.14067901234569
2022-05-31,RON 95,82.02686046511629
2022-05-31,RON 97,83.23519230769232
2022-06-07,DIESEL,82.84121621621621
2022-06-07,DIESEL PLUS,81.55740506329114
2022-06-07,KEROSENE,82.08723404255319
2022-06-07,RON 100,85.15816666666666
2022-06-07,RON 91,85.425
2022-06-07,RON 95,85.683125
2022-06-07,RON 97,85.80318181818183
2022-06-14,DIESEL,84.98091666666666
2022-06-14,DIESEL PLUS,88.45184210526315
2022-06-14,KEROSENE,90.64828571428572
2022-06-14,RON 100,89.10666666666665
2022-06-14,RON 91,82.70777777777778
2022-06-14,RON 95,86.67953488372092
2022-06-14,RON 97,87.8101923076923
2022-06-21,DIESEL,85.6645945945946
2022-06-21,DIESEL PLUS,84.36518987341772
2022-06-21,KEROSENE,89.29372340425533
2022-06-21,RON 100,92.3355
2022-06-21,RON 91,88.09254716981131
2022-06-21,RON 95,88.601875
2022-06-21,RON 97,91.97250000000001
2022-06-28,DIESEL,85.88277027027027
2022-06-28,DIESEL PLUS,84.69215189873418
2022-06-28,KEROSENE,90.87840425531914
2022-06-28,RON 100,93.96933333333332
2022-06-28,RON 91,88.48198113207548
2022-06-28,RON 95,88.35
2022-06-28,RON 97,92.13916666666667
2022-07-05,DIESEL,86.19533333333334
2022-07-05,DIESEL PLUS,89.81
2022-07-05,KEROSENE,89.57542857142857
2022-07-05,RON 100,88.35466666666666
2022-07-05,RON 91,83.69351851851852
2022-07-05,RON 95,87.00779069767442
2022-07-05,RON 97,88.53567307692308
2022-07-12,DIESEL,79.92831081081081
2022-07-12,DIESEL PLUS,78.79493670886076
2022-07-12,KEROSENE,81.59127659574467
2022-07-12,RON 100,84.55166666666668
2022-07-12,RON 91,82.45839622641509
2022-07-12,RON 95,82.64999999999999
2022-07-12,RON 97,82.53916666666667
2022-07-19,DIESEL,76.95633333333333
2022-07-19,DIESEL PLUS,81.71157894736842
2022-07-19,KEROSENE,82.60485714285714
2022-07-19,RON 100,79.38333333333334
2022-07-19,RON 91,73.37679012345679
2022-07-19,RON 95,76.04837209302326
2022-07-19,RON 97,77.79586538461538
2022-07-26,DIESEL,74.02804054054054
2022-07-26,DIESEL PLUS,73.00962025316456
2022-07-26,KEROSENE,77.71377659574469
2022-07-26,RON 100,80.28099999999999
2022-07-26,RON 91,77.01783018867926
2022-07-26,RON 95,77.15625
2022-07-26,RON 97,80.88478260869564
2022-08-02,DIESEL,75.35206896551725
2022-08-02,DIESEL PLUS,78.70723684210526
2022-08-02,KEROSENE,80.58352941176472
2022-08-02,RON 100,78.748
2022-08-02,RON 91,72.77722222222222
2022-08-02,RON 95,76.08170731707317
2022-08-02,RON 97,77.87625
2022-08-09,DIESEL,73.12418103448276
2022-08-09,DIESEL PLUS,76.11315789473684
2022-08-09,KEROSENE,78.07441176470589
2022-08-09,RON 100,76.38799999999999
2022-08-09,RON 91,70.58574074074073
2022-08-09,RON 95,73.75231707317073
2022-08-09,RON 97,75.11076923076922
2022-08-16,DIESEL,72.23189655172413
2022-08-16,DIESEL PLUS,75.05723684210527
2022-08-16,KEROSENE,77.43764705882353
2022-08-16,RON 100,77.13733333333333
2022-08-16,RON 91,69.96641975308641
2022-08-16,RON 95,73.51585365853659
2022-08-16,RON 97,74.89971153846153
2022-08-23,DIESEL,73.8056896551724
2022-08-23,DIESEL PLUS,76.96342105263159
2022-08-23,KEROSENE,80.145625
2022-08-23,RON 100,78.534
2022-08-23,RON 91,70.31728395061728
2022-08-23,RON 95,73.99890243902439
2022-08-23,RON 97,75.13451923076923
2022-08-30,DIESEL,78.04870833333332
2022-08-30,DIESEL PLUS,83.12756756756757
2022-08-30,KEROSENE,86.29354838709678
2022-08-30,RON 100,82.16
2022-08-30,RON 91,71.82716049382717
2022-08-30,RON 95,75.2490243902439
2022-08-30,RON 97,76.43694444444445
2022-09-06,DIESEL,76.092875
2022-09-06,DIESEL PLUS,81.58144736842105
2022-09-06,KEROSENE,84.9809375
2022-09-06,RON 100,79.89533333333334
2022-09-06,RON 91,69.07932098765433
2022-09-06,RON 95,72.67024390243903
2022-09-06,RON 97,73.8
2022-09-13,DIESEL,70.45402777777777
2022-09-13,DIESEL PLUS,69.55810126582278
2022-09-13,KEROSENE,78.70212765957447
2022-09-13,RON 100,80.94533333333334
2022-09-13,RON 91,72.6574074074074
2022-09-13,RON 95,75.47687499999999
2022-09-13,RON 97,83.1095
2022-09-20,DIESEL,70.33576388888889
2022-09-20,DIESEL PLUS,69.43113924050634
2022-09-20,KEROSENE,74.5002659574468
2022-09-20,RON 100,76.60566666666666
2022-09-20,RON 91,72.56722222222223
2022-09-20,RON 95,75.42375
2022-09-20,RON 97,78.676
2022-09-27,DIESEL,70.58275
2022-09-27,DIESEL PLUS,74.12947368421052
2022-09-27,KEROSENE,74.69870967741934
2022-09-27,RON 100,69.91333333333334
2022-09-27,RON 91,66.33320987654321
2022-09-27,RON 95,70.14012195121951
2022-09-27,RON 97,71.11787037037037
2022-10-04,DIESEL,69.94629166666667
2022-10-04,DIESEL PLUS,73.54263888888889
2022-10-04,KEROSENE,76.29516129032258
2022-10-04,RON 100,74.28733333333334
2022-10-04,RON 91,65.76481481481481
2022-10-04,RON 95,69.53646341463414
2022-10-04,RON 97,70.56083333333333
2022-10-11,DIESEL,74.351375
2022-10-11,DIESEL PLUS,80.21111111111111
2022-10-11,KEROSENE,80.71272727272728
2022-10-11,RON 100,76.196
2022-10-11,RON 91,66.85185185185185
2022-10-11,RON 95,70.55219512195121
2022-10-11,RON 97,71.5988888888889
2022-10-18,DIESEL,75.76079166666666
2022-10-18,DIESEL PLUS,82.38236111111111
2022-10-18,KEROSENE,83.23575757575757
2022-10-18,RON 100,77.73866666666666
2022-10-18,RON 91,67.21777777777778
2022-10-18,RON 95,70.82121951219513
2022-10-18,RON 97,71.83198113207547
2022-10-25,DIESEL,74.74520833333332
2022-10-25,DIESEL PLUS,81.33430555555555
2022-10-25,KEROSENE,82.5769696969697
2022-10-25,RON 100,76.988
2022-10-25,RON 91,66.34234567901234
2022-10-25,RON 95,70.31085365853659
2022-10-25,RON 97,71.33367924528302
2022-11-01,DIESEL,68.0044366197183
2022-11-01,DIESEL PLUS,66.99617283950617
2022-11-01,KEROSENE,78.70575268817204
2022-11-01,RON 100,81.55296296296295
2022-11-01,RON 91,70.4811111111111
2022-11-01,RON 95,72.394375
2022-11-01,RON 97,81.80705882352942
2022-11-08,DIESEL,69.1212676056338
2022-11-08,DIESEL PLUS,68.07598765432098
2022-11-08,KEROSENE,78.11521505376344
2022-11-08,RON 100,80.99166666666667
2022-11-08,RON 91,71.63064814814814
2022-11-08,RON 95,73.78812500000001
2022-11-08,RON 97,81.44823529411764
2022-11-15,DIESEL,73.92920833333332
2022-11-15,DIESEL PLUS,79.82357142857143
2022-11-15,KEROSENE,82.2448275862069
2022-11-15,RON 100,78.278
2022-11-15,RON 91,67.24611111111112
2022-11-15,RON 95,71.64317073170731
2022-11-15,RON 97,72.90132075471698
2022-11-22,DIESEL,72.11425
2022-11-22,DIESEL PLUS,77.32083333333334
2022-11-22,KEROSENE,79.78827586206897
2022-11-22,RON 100,76.96066666666667
2022-11-22,RON 91,66.74524691358025
2022-11-22,RON 95,70.76646341463415
2022-11-22,RON 97,72.15943396226415
2022-11-29,DIESEL,67.96647887323944
2022-11-29,DIESEL PLUS,66.99037037037037
2022-11-29,KEROSENE,71.2778494623656
2022-11-29,RON 100,74.08314814814814
2022-11-29,RON 91,70.55175925925926
2022-11-29,RON 95,72.46312499999999
2022-11-29,RON 97,78.08777777777777
2022-12-06,DIESEL,66.88804166666667
2022-12-06,DIESEL PLUS,71.36597222222223
2022-12-06,KEROSENE,74.85166666666667
2022-12-06,RON 100,72.88733333333333
2022-12-06,RON 91,63.461049382716055
2022-12-06,RON 95,67.46036585365853
2022-12-06,RON 97,68.96764150943396
2022-12-13,DIESEL,63.98533333333333
2022-12-13,DIESEL PLUS,67.8801388888889
2022-12-13,KEROSENE,71.06666666666666
2022-12-13,RON 100,69.81400000000001
2022-12-13,RON 91,61.58438271604938
2022-12-13,RON 95,65.59365853658537
2022-12-13,RON 97,67.23367924528301
2022-12-20,DIESEL,65.53291666666667
2022-12-20,DIESEL PLUS,69.52791666666667
2022-12-20,KEROSENE,72.64
2022-12-20,RON 100,70.69066666666667
2022-12-20,RON 91,61.977407407407405
2022-12-20,RON 95,65.85548780487804
2022-12-20,RON 97,67.76650943396227
2022-12-27,DIESEL,64.92852112676057
2022-12-27,DIESEL PLUS,63.931358024691356
2022-12-27,KEROSENE,67.61752688172044
2022-12-27,RON 100,69.89814814814815
2022-12-27,RON 91,68.12759259259259
2022-12-27,RON 95,69.3475
2022-12-27,RON 97,74.19055555555556
2023-01-03,DIESEL,67.4706338028169
2023-01-03,DIESEL PLUS,66.24265432098765
2023-01-03,KEROSENE,69.28376344086021
2023-01-03,RON 100,72.05388888888889
2023-01-03,RON 91,70.46027777777778
2023-01-03,RON 95,71.668125
2023-01-03,RON 97,76.98705882352941
2023-01-10,DIESEL,65.328375
2023-01-10,DIESEL PLUS,68.36541666666668
2023-01-10,KEROSENE,73.25172413793103
2023-01-10,RON 100,72.70733333333334
2023-01-10,RON 91,64.02055555555556
2023-01-10,RON 95,67.87939024390244
2023-01-10,RON 97,70.05292452830189
2023-01-17,DIESEL,65.45058333333333
2023-01-17,DIESEL PLUS,68.50805555555556
2023-01-17,KEROSENE,73.20344827586207
2023-01-17,RON 100,73.144
2023-01-17,RON 91,64.61345679012345
2023-01-17,RON 95,68.29902439024391
2023-01-17,RON 97,70.71424528301887
2023-01-24,DIESEL,69.25610294117647
2023-01-24,DIESEL PLUS,67.97806666666668
2023-01-24,KEROSENE,68.20427777777778
2023-01-24,RON 100,71.28814814814815
2023-01-24,RON 91,72.285
2023-01-24,RON 95,73.56937500000001
2023-01-24,RON 97,77.17823529411764
2023-01-31,DIESEL,69.77542253521128
2023-01-31,DIESEL PLUS,68.56067901234567
2023-01-31,KEROSENE,68.57967741935484
2023-01-31,RON 100,72.08666666666667
2023-01-31,RON 91,73.39611111111111
2023-01-31,RON 95,73.748125
2023-01-31,RON 97,78.25222222222222
2023-02-07,DIESEL,67.33429577464788
2023-02-07,DIESEL PLUS,66.00808641975308
2023-02-07,KEROSENE,65.192688172043
2023-02-07,RON 100,68.24777777777778
2023-02-07,RON 91,70.36611111111111
2023-02-07,RON 95,70.7575
2023-02-07,RON 97,76.15444444444444
2023-02-14,DIESEL,66.38795774647888
2023-02-14,DIESEL PLUS,65.14944444444444
2023-02-14,KEROSENE,62.18844086021505
2023-02-14,RON 100,65.48722222222221
2023-02-14,RON 91,69.48851851851852
2023-02-14,RON 95,70.766875
2023-02-14,RON 97,73.67235294117647
2023-02-21,DIESEL,66.8075352112676
2023-02-21,DIESEL PLUS,65.52808641975308
2023-02-21,KEROSENE,62.68021505376344
2023-02-21,RON 100,65.9888888888889
2023-02-21,RON 91,69.70018518518519
2023-02-21,RON 95,71.30625
2023-02-21,RON 97,73.42764705882352
2023-02-28,DIESEL,65.70485714285715
2023-02-28,DIESEL PLUS,64.41975
2023-02-28,KEROSENE,60.981249999999996
2023-02-28,RON 100,64.54462962962963
2023-02-28,RON 91,68.50264705882353
2023-02-28,RON 95,70.21875
2023-02-28,RON 97,71.64
2023-03-07,DIESEL,65.71392857142858
2023-03-07,DIESEL PLUS,64.52368750000001
2023-03-07,KEROSENE,62.09451086956521
2023-03-07,RON 100,65.4637037037037
2023-03-07,RON 91,68.56137254901961
2023-03-07,RON 95,69.8825
2023-03-07,RON 97,72.78058823529412
2023-03-14,DIESEL,66.08635714285714
2023-03-14,DIESEL PLUS,64.9875
2023-03-14,KEROSENE,61.61809782608695
2023-03-14,RON 100,64.86777777777777
2023-03-14,RON 91,68.97382352941176
2023-03-14,RON 95,70.37125
2023-03-14,RON 97,72.18058823529411
2023-03-21,DIESEL,64.61835714285714
2023-03-21,DIESEL PLUS,63.410562500000005
2023-03-21,KEROSENE,59.60739130434783
2023-03-21,RON 100,62.705555555555556
2023-03-21,RON 91,67.60040816326531
2023-03-21,RON 95,68.98875
2023-03-21,RON 97,70.24470588235293
2023-03-28,DIESEL,59.02088983050847
2023-03-28,DIESEL PLUS,60.32861111111111
2023-03-28,KEROSENE,66.33655172413793
2023-03-28,RON 100,68.06933333333333
2023-03-28,RON 91,61.44561728395062
2023-03-28,RON 95,65.03725
2023-03-28,RON 97,67.05927083333334
2023-04-04,DIESEL,65.04521428571428
2023-04-04,DIESEL PLUS,63.679125
2023-04-04,KEROSENE,58.44711956521739
2023-04-04,RON 100,61.845370370370375
2023-04-04,RON 91,67.93357142857143
2023-04-04,RON 95,68.93062499999999
2023-04-04,RON 97,68.54470588235294
2023-04-11,DIESEL,67.50214285714286
2023-04-11,DIESEL PLUS,66.168125
2023-04-11,KEROSENE,60.1733152173913
2023-04-11,RON 100,62.87555555555556
2023-04-11,RON 91,70.35234693877551
2023-04-11,RON 95,71.246875
2023-04-11,RON 97,70.22117647058823
2023-04-18,DIESEL,67.51535714285714
2023-04-18,DIESEL PLUS,66.2011875
2023-04-18,KEROSENE,59.779673913043474
2023-04-18,RON 100,62.607777777777784
2023-04-18,RON 91,70.51765306122448
2023-04-18,RON 95,70.9
2023-04-18,RON 97,70.29882352941176
2023-04-25,DIESEL,65.96764285714285
2023-04-25,DIESEL PLUS,64.43325
2023-04-25,KEROSENE,58.73668478260869
2023-04-25,RON 100,61.59407407407407
2023-04-25,RON 91,68.935
2023-04-25,RON 95,69.19875
2023-04-25,RON 97,70.14411764705882
2023-05-02,DIESEL,64.47978571428571
2023-05-02,DIESEL PLUS,62.850750000000005
2023-05-02,KEROSENE,57.38929347826087
2023-05-02,RON 100,60.24777777777778
2023-05-02,RON 91,67.18316326530612
2023-05-02,RON 95,67.69875
2023-05-02,RON 97,68.7464705882353
2023-05-09,DIESEL,62.00807142857142
2023-05-09,DIESEL PLUS,60.475125000000006
2023-05-09,KEROSENE,54.52092391304348
2023-05-09,RON 100,57.2887037037037
2023-05-09,RON 91,64.78418367346939
2023-05-09,RON 95,64.96375
2023-05-09,RON 97,66.26764705882353
2023-05-16,DIESEL,62.43701492537313
2023-05-16,DIESEL PLUS,60.79479729729729
2023-05-16,KEROSENE,55.89483146067416
2023-05-16,RON 100,58.691296296296294
2023-05-16,RON 91,65.0553125
2023-05-16,RON 95,65.305
2023-05-16,RON 97,67.13235294117646
2023-05-23,DIESEL,62.67364285714285
2023-05-23,DIESEL PLUS,60.9485625
2023-05-23,KEROSENE,55.95913043478261
2023-05-23,RON 100,59.315925925925924
2023-05-23,RON 91,65.46826530612245
2023-05-23,RON 95,66.33562500000001
2023-05-23,RON 97,67.035
2023-05-30,DIESEL,63.386714285714284
2023-05-30,DIESEL PLUS,61.794500000000006
2023-05-30,KEROSENE,55.75489130434782
2023-05-30,RON 100,59.20240740740741
2023-05-30,RON 91,66.30683673469387
2023-05-30,RON 95,67.194375
2023-05-30,RON 97,66.68333333333334
2023-06-06,DIESEL,62.79221428571429
2023-06-06,DIESEL PLUS,61.0634375
2023-06-06,KEROSENE,55.33472826086957
2023-06-06,RON 100,58.65018518518519
2023-06-06,RON 91,65.63663265306123
2023-06-06,RON 95,66.36562500000001
2023-06-06,RON 97,66.15529411764706
2023-06-13,DIESEL,64.055
2023-06-13,DIESEL PLUS,62.20331081081081
2023-06-13,KEROSENE,56.77247191011236
2023-06-13,RON 100,59.959074074074074
2023-06-13,RON 91,66.96916666666667
2023-06-13,RON 95,67.45375
2023-06-13,RON 97,67.2729411764706
2023-06-20,DIESEL,63.15749999999999
2023-06-20,DIESEL PLUS,61.3473125
2023-06-20,KEROSENE,56.01478260869565
2023-06-20,RON 100,59.76444444444445
2023-06-20,RON 91,66.34724489795919
2023-06-20,RON 95,67.061875
2023-06-20,RON 97,67.07000000000001
2023-06-27,DIESEL,63.28857142857142
2023-06-27,DIESEL PLUS,61.426874999999995
2023-06-27,KEROSENE,56.83201086956522
2023-06-27,RON 100,60.25222222222222
2023-06-27,RON 91,66.47316326530613
2023-06-27,RON 95,67.013125
2023-06-27,RON 97,68.26176470588236
2023-07-04,DIESEL,57.09228813559322
2023-07-04,DIESEL PLUS,59.061578947368425
2023-07-04,KEROSENE,64.893
2023-07-04,RON 100,66.32249999999999
2023-07-04,RON 91,59.67401234567902
2023-07-04,RON 95,64.198125
2023-07-04,RON 97,66.35397959183673
2023-07-11,DIESEL,57.30563559322034
2023-07-11,DIESEL PLUS,59.76657894736842
2023-07-11,KEROSENE,65.422
2023-07-11,RON 100,66.435
2023-07-11,RON 91,59.502407407407404
2023-07-11,RON 95,63.851125
2023-07-11,RON 97,66.07336734693877
2023-07-18,DIESEL,64.08600000000001
2023-07-18,DIESEL PLUS,61.900437499999995
2023-07-18,KEROSENE,59.39922727272727
2023-07-18,RON 100,62.52258620689655
2023-07-18,RON 91,66.99724489795919
2023-07-18,RON 95,67.20944444444444
2023-07-18,RON 97,69.4588888888889
2023-07-25,DIESEL,59.58737288135593
2023-07-25,DIESEL PLUS,61.99118421052631
2023-07-25,KEROSENE,67.05127659574468
2023-07-25,RON 100,69.013125
2023-07-25,RON 91,62.29425925925926
2023-07-25,RON 95,66.7655
2023-07-25,RON 97,69.09051020408162
2023-08-01,DIESEL,67.13764285714286
2023-08-01,DIESEL PLUS,65.01625
2023-08-01,KEROSENE,62.78772727272727
2023-08-01,RON 100,66.48413793103448
2023-08-01,RON 91,70.40948979591838
2023-08-01,RON 95,70.81722222222223
2023-08-01,RON 97,73.28470588235294
2023-08-08,DIESEL,67.51785714285714
2023-08-08,DIESEL PLUS,65.42175
2023-08-08,KEROSENE,66.18645454545455
2023-08-08,RON 100,70.02965517241378
2023-08-08,RON 91,70.77275510204082
2023-08-08,RON 95,71.07055555555556
2023-08-08,RON 97,76.06941176470589
2023-08-15,DIESEL,66.28843220338983
2023-08-15,DIESEL PLUS,70.27855263157895
2023-08-15,KEROSENE,74.81414893617021
2023-08-15,RON 100,75.05125
2023-08-15,RON 91,66.36537037037037
2023-08-15,RON 95,70.8345
2023-08-15,RON 97,73.50663265306122
2023-08-22,DIESEL,70.45085714285715
2023-08-22,DIESEL PLUS,68.1550625
2023-08-22,KEROSENE,68.07886363636364
2023-08-22,RON 100,71.66568965517241
2023-08-22,RON 91,73.7145918367347
2023-08-22,RON 95,74.08277777777778
2023-08-22,RON 97,79.50941176470587
2023-08-29,DIESEL,70.82965277777777
2023-08-29,DIESEL PLUS,68.41530487804879
2023-08-29,KEROSENE,68.48566964285715
2023-08-29,RON 100,72.33724137931034
2023-08-29,RON 91,73.90549019607843
2023-08-29,RON 95,74.39388888888888
2023-08-29,RON 97,80.40117647058823
2023-09-05,DIESEL,71.17083333333333
2023-09-05,DIESEL PLUS,68.78695121951219
2023-09-05,KEROSENE,69.54790178571429
2023-09-05,RON 100,73.62517241379311
2023-09-05,RON 91,74.25196078431372
2023-09-05,RON 95,75.39555555555555
2023-09-05,RON 97,81.44941176470589
2023-09-12,DIESEL,67.94304687500001
2023-09-12,DIESEL PLUS,72.03907894736842
2023-09-12,KEROSENE,76.60957446808511
2023-09-12,RON 100,77.746875
2023-09-12,RON 91,67.9616049382716
2023-09-12,RON 95,72.29466666666666
2023-09-12,RON 97,75.35274509803921
2023-09-19,DIESEL,72.77293333333334
2023-09-19,DIESEL PLUS,70.36070588235295
2023-09-19,KEROSENE,71.68221739130435
2023-09-19,RON 100,75.60741379310346
2023-09-19,RON 91,76.21941176470588
2023-09-19,RON 95,77.10666666666667
2023-09-19,RON 97,83.63294117647058
2023-09-28,DIESEL,72.80027777777778
2023-09-28,DIESEL PLUS,70.125
2023-09-28,KEROSENE,71.45357142857144
2023-09-28,RON 100,75.31120689655172
2023-09-28,RON 91,76.2214
2023-09-28,RON 95,76.92888888888889
2023-09-28,RON 97,83.20941176470588
2023-10-03,DIESEL,70.58150684931506
2023-10-03,DIESEL PLUS,67.88369047619047
2023-10-03,KEROSENE,71.21890350877193
2023-10-03,RON 100,75.84189655172413
2023-10-03,RON 91,73.9435294117647
2023-10-03,RON 95,70.46176470588235
2023-10-03,RON 97,82.63764705882353
2023-10-10,DIESEL,67.78078571428571
2023-10-10,DIESEL PLUS,64.92525641025641
2023-10-10,KEROSENE,68.83833333333334
2023-10-10,RON 100,73.51362068965517
2023-10-10,RON 91,71.0434
2023-10-10,RON 95,67.59235294117647
2023-10-10,RON 97,79.63764705882353
2023-10-17,DIESEL,67.98357142857144
2023-10-17,DIESEL PLUS,65.22185897435898
2023-10-17,KEROSENE,67.69981981981982
2023-10-17,RON 100,71.75948275862069
2023-10-17,RON 91,71.7103
2023-10-17,RON 95,68.01529411764706
2023-10-17,RON 97,77.60235294117648
2023-10-24,DIESEL,68.75885714285714
2023-10-24,DIESEL PLUS,65.94403846153847
2023-10-24,KEROSENE,68.7850900900901
2023-10-24,RON 100,72.72568965517242
2023-10-24,RON 91,71.7383
2023-10-24,RON 95,68.8294117647059
2023-10-24,RON 97,79.67
2023-10-31,DIESEL,68.78466666666667
2023-10-31,DIESEL PLUS,65.98411764705882
2023-10-31,KEROSENE,67.54681034482759
2023-10-31,RON 100,71.51879310344827
2023-10-31,RON 91,72.0022
2023-10-31,RON 95,72.679375
2023-10-31,RON 97,78.41333333333334
2023-11-07,DIESEL,68.32126666666667
2023-11-07,DIESEL PLUS,65.44958823529412
2023-11-07,KEROSENE,66.39844827586207
2023-11-07,RON 100,70.30896551724138
2023-11-07,RON 91,71.62989999999999
2023-11-07,RON 95,71.383125
2023-11-07,RON 97,77.23
2023-11-14,DIESEL,67.58763513513513
2023-11-14,DIESEL PLUS,64.41870588235294
2023-11-14,KEROSENE,63.442672413793105
2023-11-14,RON 100,67.15166666666667
2023-11-14,RON 91,70.8251
2023-11-14,RON 95,70.41125
2023-11-14,RON 97,74.89944444444444
2023-11-21,DIESEL,66.46930555555555
2023-11-21,DIESEL PLUS,63.558734939759034
2023-11-21,KEROSENE,62.73767543859649
2023-11-21,RON 100,66.01222222222222
2023-11-21,RON 91,69.74989583333333
2023-11-21,RON 95,69.521875
2023-11-21,RON 97,74.30083333333333
2023-11-28,DIESEL,66.28833333333334
2023-11-28,DIESEL PLUS,63.44939759036145
2023-11-28,KEROSENE,62.801622807017544
2023-11-28,RON 100,66.24555555555555
2023-11-28,RON 91,69.44822916666666
2023-11-28,RON 95,69.584375
2023-11-28,RON 97,74.86194444444445
2023-12-05,DIESEL,66.41805555555555
2023-12-05,DIESEL PLUS,63.49349397590362
2023-12-05,KEROSENE,62.420394736842105
2023-12-05,RON 100,65.9325925925926
2023-12-05,RON 91,69.453125
2023-12-05,RON 95,69.825
2023-12-05,RON 97,75.0314705882353
2023-12-12,DIESEL,64.74756944444444
2023-12-12,DIESEL PLUS,61.77975903614458
2023-12-12,KEROSENE,60.48699115044248
2023-12-12,RON 100,63.799814814814816
2023-12-12,RON 91,67.56395833333333
2023-12-12,RON 95,68.34375
2023-12-12,RON 97,73.66558823529412
2023-12-19,DIESEL,64.68478873239437
2023-12-19,DIESEL PLUS,61.83325
2023-12-19,KEROSENE,60.4983628318584
2023-12-19,RON 100,63.27285714285714
2023-12-19,RON 91,67.263125
2023-12-19,RON 95,68.3125
2023-12-19,RON 97,72.90361111111112
2023-12-26,DIESEL,66.20591549295774
2023-12-26,DIESEL PLUS,63.243125
2023-12-26,KEROSENE,61.94566371681416
2023-12-26,RON 100,64.96000000000001
2023-12-26,RON 91,68.64958333333333
2023-12-26,RON 95,69.91875
2023-12-26,RON 97,74.62
2024-01-02,DIESEL,65.52402777777777
2024-01-02,DIESEL PLUS,62.559337349397595
2024-01-02,KEROSENE,61.23131578947368
2024-01-02,RON 100,64.85555555555555
2024-01-02,RON 91,68.33604166666667
2024-01-02,RON 95,69.39812500000001
2024-01-02,RON 97,73.33617647058823
2024-01-09,DIESEL,65.47478873239437
2024-01-09,DIESEL PLUS,62.667625
2024-01-09,KEROSENE,61.14794642857142
2024-01-09,RON 100,64.52678571428571
2024-01-09,RON 91,68.17937500000001
2024-01-09,RON 95,69.075
2024-01-09,RON 97,73.26194444444444
2024-01-16,DIESEL,65.40625
2024-01-16,DIESEL PLUS,62.34789156626506
2024-01-16,KEROSENE,61.67890350877193
2024-01-16,RON 100,65.42777777777778
2024-01-16,RON 91,68.123125
2024-01-16,RON 95,68.8475
2024-01-16,RON 97,74.13147058823529
2024-01-23,DIESEL,66.49921428571429
2024-01-23,DIESEL PLUS,63.45075949367088
2024-01-23,KEROSENE,62.30379464285714
2024-01-23,RON 100,65.86571428571429
2024-01-23,RON 91,69.36302083333334
2024-01-23,RON 95,69.89937499999999
2024-01-23,RON 97,74.15861111111111
2024-01-30,DIESEL,68.53042253521127
2024-01-30,DIESEL PLUS,65.34439024390244
2024-01-30,KEROSENE,62.95619469026549
2024-01-30,RON 100,67.095
2024-01-30,RON 91,71.703125
2024-01-30,RON 95,72.700625
2024-01-30,RON 97,74.68911764705882
2024-02-13,DIESEL,68.1480985915493
2024-02-13,DIESEL PLUS,64.8969512195122
2024-02-13,KEROSENE,63.63876106194691
2024-02-13,RON 100,67.83537037037037
2024-02-13,RON 91,71.00895833333333
2024-02-13,RON 95,76.65625
2024-02-13,RON 97,75.0879411764706
2024-02-27,DIESEL,68.25204225352114
2024-02-27,DIESEL PLUS,64.98219512195122
2024-02-27,KEROSENE,63.39522123893805
2024-02-27,RON 100,67.46481481481482
2024-02-27,RON 91,71.04770833333333
2024-02-27,RON 95,75.145625
2024-02-27,RON 97,75.10529411764706
2024-03-05,DIESEL,68.45071428571428
2024-03-05,DIESEL PLUS,65.5457142857143
2024-03-05,KEROSENE,62.009462365591396
2024-03-05,RON 100,66.74089285714285
2024-03-05,RON 91,71.08479591836735
2024-03-05,RON 95,75.36375
2024-03-05,RON 97,75.03176470588235
2024-03-12,DIESEL,62.76420634920635
2024-03-12,DIESEL PLUS,59.19961538461538
2024-03-12,KEROSENE,68.55
2024-03-12,RON 100,75.53
2024-03-12,RON 91,60.53333333333333
2024-03-12,RON 95,69.07100877192983
2024-03-12,RON 97,73.14500000000001
2024-03-19,DIESEL,67.19707142857143
2024-03-19,DIESEL PLUS,64.04086419753087
2024-03-19,KEROSENE,61.09415789473684
2024-03-19,RON 100,66.00535714285715
2024-03-19,RON 91,69.59469387755102
2024-03-19,RON 95,74.555625
2024-03-19,RON 97,74.8425
2024-03-26,DIESEL,68.91185714285714
2024-03-26,DIESEL PLUS,65.46061728395063
2024-03-26,KEROSENE,61.39630681818182
2024-03-26,RON 100,65.87551724137931
2024-03-26,RON 91,71.00340909090909
2024-03-26,RON 95,75.87428571428572
2024-03-26,RON 97,76.55884615384615
2024-04-02,DIESEL,68.73506849315068
2024-04-02,DIESEL PLUS,65.875125
2024-04-02,KEROSENE,61.56117021276596
2024-04-02,RON 100,64.9925
2024-04-02,RON 91,72.06666666666666
2024-04-02,RON 95,75.61875
2024-04-02,RON 97,75.00111111111111
2024-04-09,DIESEL,68.22689024390243
2024-04-09,DIESEL PLUS,64.27058441558441
2024-04-09,KEROSENE,64.38642045454546
2024-04-09,RON 100,67.28895833333333
2024-04-09,RON 91,70.95584745762712
2024-04-09,RON 95,74.7784
2024-04-09,RON 97,77.41
2024-04-16,DIESEL,69.8855625
2024-04-16,DIESEL PLUS,66.45907142857143
2024-04-16,KEROSENE,64.66115044247788
2024-04-16,RON 100,68.11111111111111
2024-04-16,RON 91,72.23
2024-04-16,RON 95,76.58315789473684
2024-04-16,RON 97,77.51533333333333
2024-04-23,DIESEL,70.09541095890411
2024-04-23,DIESEL PLUS,67.28631578947369
2024-04-23,KEROSENE,63.668008849557516
2024-04-23,RON 100,66.18903846153846
2024-04-23,RON 91,72.5430612244898
2024-04-23,RON 95,77.45625
2024-04-23,RON 97,76.15555555555555
2024-04-30,DIESEL,69.6218125
2024-04-30,DIESEL PLUS,66.48264285714285
2024-04-30,KEROSENE,63.29121739130434
2024-04-30,RON 100,66.1762
2024-04-30,RON 91,71.84102272727273
2024-04-30,RON 95,76.84210526315789
2024-04-30,RON 97,75.88666666666667
2024-05-07,DIESEL,68.18520547945207
2024-05-07,DIESEL PLUS,65.83217105263158
2024-05-07,KEROSENE,62.11756637168141
2024-05-07,RON 100,64.58769230769231
2024-05-07,RON 91,70.73326530612245
2024-05-07,RON 95,76.0275
2024-05-07,RON 97,74.14888888888889
2024-05-14,DIESEL,66.4630985915493
2024-05-14,DIESEL PLUS,63.6694375
2024-05-14,KEROSENE,61.21769911504425
2024-05-14,RON 100,64.2158
2024-05-14,RON 91,68.56428571428572
2024-05-14,RON 95,74.085
2024-05-14,RON 97,73.88857142857144
2024-05-21,DIESEL,65.96112500000001
2024-05-21,DIESEL PLUS,63.19014285714286
2024-05-21,KEROSENE,61.58073913043478
2024-05-21,RON 100,64.4858
2024-05-21,RON 91,68.14772727272727
2024-05-21,RON 95,73.42842105263158
2024-05-21,RON 97,74.60230769230769
2024-05-28,DIESEL,66.10147887323943
2024-05-28,DIESEL PLUS,63.373374999999996
2024-05-28,KEROSENE,61.652831858407076
2024-05-28,RON 100,56.927600000000005
2024-05-28,RON 91,69.08938775510204
2024-05-28,RON 95,73.78625
2024-05-28,RON 97,74.17625
2024-06-04,DIESEL,64.90479452054795
2024-06-04,DIESEL PLUS,62.63092105263158
2024-06-04,KEROSENE,62.041415929203545
2024-06-04,RON 100,64.53211538461538
2024-06-04,RON 91,68.00428571428571
2024-06-04,RON 95,72.485625
2024-06-04,RON 97,74.8725
2024-06-11,DIESEL,64.0901875
2024-06-11,DIESEL PLUS,61.56907142857143
2024-06-11,KEROSENE,60.85395652173913
2024-06-11,RON 100,63.9758
2024-06-11,RON 91,67.28386363636363
2024-06-11,RON 95,71.73526315789474
2024-06-11,RON 97,73.72133333333333
2024-06-18,DIESEL,64.60753424657534
2024-06-18,DIESEL PLUS,62.39611842105263
2024-06-18,KEROSENE,62.17389380530973
2024-06-18,RON 100,65.01692307692308
2024-06-18,RON 91,68.01316326530612
2024-06-18,RON 95,72.596875
2024-06-18,RON 97,75.12333333333333
2024-06-25,DIESEL,65.78106249999999
2024-06-25,DIESEL PLUS,63.062071428571436
2024-06-25,KEROSENE,63.620217391304344
2024-06-25,RON 100,67.28059999999999
2024-06-25,RON 91,68.77499999999999
2024-06-25,RON 95,74.22473684210526
2024-06-25,RON 97,76.546
2024-07-02,DIESEL,65.17963768115942
2024-07-02,DIESEL PLUS,63.87236111111112
2024-07-02,KEROSENE,63.98086956521739
2024-07-02,RON 100,68.00596153846153
2024-07-02,RON 91,69.34141509433962
2024-07-02,RON 95,73.309375
2024-07-02,RON 97,76.63875
2024-07-09,DIESEL,67.55691780821917
2024-07-09,DIESEL PLUS,64.92771604938272
2024-07-09,KEROSENE,63.903666666666666
2024-07-09,RON 100,69.21911764705882
2024-07-09,RON 91,71.08755102040816
2024-07-09,RON 95,76.01142857142858
2024-07-09,RON 97,77.15411764705881
2024-07-16,DIESEL,66.78659999999999
2024-07-16,DIESEL PLUS,64.35895061728395
2024-07-16,KEROSENE,63.85309090909091
2024-07-16,RON 100,66.10634615384615
2024-07-16,RON 91,70.58322916666667
2024-07-16,RON 95,75.14375
2024-07-16,RON 97,75.95052631578947
2024-07-23,DIESEL,66.92027397260274
2024-07-23,DIESEL PLUS,64.6749358974359
2024-07-23,KEROSENE,63.09588495575221
2024-07-23,RON 100,65.73403846153846
2024-07-23,RON 91,70.62822916666666
2024-07-23,RON 95,75.0275
2024-07-23,RON 97,75.566875
2024-07-30,DIESEL,64.88115942028986
2024-07-30,DIESEL PLUS,63.70090277777778
2024-07-30,KEROSENE,62.17813043478261
2024-07-30,RON 100,65.84173076923076
2024-07-30,RON 91,69.5827358490566
2024-07-30,RON 95,72.35458333333334
2024-07-30,RON 97,75.016875
2024-08-06,DIESEL,65.30246575342466
2024-08-06,DIESEL PLUS,62.95307692307693
2024-08-06,KEROSENE,61.21973451327433
2024-08-06,RON 100,64.36884615384616
2024-08-06,RON 91,69.65614583333333
2024-08-06,RON 95,73.71187499999999
2024-08-06,RON 97,74.43875
2024-08-13,DIESEL,62.6072
2024-08-13,DIESEL PLUS,60.01537037037037
2024-08-13,KEROSENE,59.545863636363634
2024-08-13,RON 100,61.92057692307692
2024-08-13,RON 91,67.12927083333334
2024-08-13,RON 95,71.066875
2024-08-13,RON 97,71.77526315789474
2024-08-20,DIESEL,63.19793333333334
2024-08-20,DIESEL PLUS,60.64938271604939
2024-08-20,KEROSENE,60.341772727272726
2024-08-20,RON 100,63.515
2024-08-20,RON 91,67.78989583333333
2024-08-20,RON 95,71.340625
2024-08-20,RON 97,72.83263157894737
2024-08-27,DIESEL,61.28434782608696
2024-08-27,DIESEL PLUS,59.47541666666666
2024-08-27,KEROSENE,58.18178260869565
2024-08-27,RON 100,62.45057692307692
2024-08-27,RON 91,65.47122641509434
2024-08-27,RON 95,68.493125
2024-08-27,RON 97,71.37375
2024-09-03,DIESEL,61.473260869565216
2024-09-03,DIESEL PLUS,59.78520833333333
2024-09-03,KEROSENE,58.310391304347824
2024-09-03,RON 100,62.70134615384615
2024-09-03,RON 91,65.63754716981131
2024-09-03,RON 95,68.756875
2024-09-03,RON 97,72.010625
2024-09-10,DIESEL,60.71542857142857
2024-09-10,DIESEL PLUS,57.83346153846154
2024-09-10,KEROSENE,56.57091304347826
2024-09-10,RON 100,59.962500000000006
2024-09-10,RON 91,64.23979591836735
2024-09-10,RON 95,69.045625
2024-09-10,RON 97,65.96294117647058
2024-09-17,DIESEL,58.55074626865672
2024-09-17,DIESEL PLUS,56.50958333333333
2024-09-17,KEROSENE,55.15491150442478
2024-09-17,RON 100,59.936166666666665
2024-09-17,RON 91,62.2025
2024-09-17,RON 95,65.229
2024-09-17,RON 97,67.78733333333334
2024-09-24,DIESEL,59.258059701492535
2024-09-24,DIESEL PLUS,57.256041666666675
2024-09-24,KEROSENE,55.227123893805306
2024-09-24,RON 100,60.195757575757575
2024-09-24,RON 91,62.79888888888889
2024-09-24,RON 95,65.8238
2024-09-24,RON 97,67.934
2024-10-01,DIESEL,60.06164285714285
2024-10-01,DIESEL PLUS,57.21621794871795
2024-10-01,KEROSENE,55.50513043478261
2024-10-01,RON 100,59.20267857142857
2024-10-01,RON 91,63.64326530612245
2024-10-01,RON 95,68.333125
2024-10-01,RON 97,60.98722222222222
2024-10-08,DIESEL,59.662857142857135
2024-10-08,DIESEL PLUS,57.071089743589745
2024-10-08,KEROSENE,56.333608695652174
2024-10-08,RON 100,60.06642857142857
2024-10-08,RON 91,63.35
2024-10-08,RON 95,67.78375
2024-10-08,RON 97,69.251875
2024-10-15,DIESEL,60.90425373134328
2024-10-15,DIESEL PLUS,59.15958333333333
2024-10-15,KEROSENE,58.83721238938053
2024-10-15,RON 100,64.37515151515152
2024-10-15,RON 91,64.45296296296296
2024-10-15,RON 95,67.7222
2024-10-15,RON 97,70.99384615384616
2024-10-22,DIESEL,60.15067164179105
2024-10-22,DIESEL PLUS,58.47631944444444
2024-10-22,KEROSENE,57.69747787610619
2024-10-22,RON 100,62.732575757575766
2024-10-22,RON 91,63.71935185185185
2024-10-22,RON 95,67.10340000000001
2024-10-22,RON 97,70.27692307692308
2024-10-29,DIESEL,59.81397058823529
2024-10-29,DIESEL PLUS,58.16205479452055
2024-10-29,KEROSENE,57.68228070175439
2024-10-29,RON 100,62.544696969696965
2024-10-29,RON 91,63.361964285714286
2024-10-29,RON 95,66.7804
2024-10-29,RON 97,70.62153846153846
2024-11-05,DIESEL,60.42021126760564
2024-11-05,DIESEL PLUS,57.92208860759494
2024-11-05,KEROSENE,58.27702586206897
2024-11-05,RON 100,61.00553571428571
2024-11-05,RON 91,64.19176470588236
2024-11-05,RON 95,68.6875
2024-11-05,RON 97,71.945
2024-11-12,DIESEL,61.410985915492965
2024-11-12,DIESEL PLUS,58.88879746835443
2024-11-12,KEROSENE,59.78875
2024-11-12,RON 100,63.221785714285716
2024-11-12,RON 91,65.33127450980392
2024-11-12,RON 95,69.994375
2024-11-12,RON 97,73.1825
2024-11-19,DIESEL,60.33105633802817
2024-11-19,DIESEL PLUS,57.877784810126585
2024-11-19,KEROSENE,58.87926724137931
2024-11-19,RON 100,62.37339285714285
2024-11-19,RON 91,63.61745098039215
2024-11-19,RON 95,68.445
2024-11-19,RON 97,72.496875
2024-11-26,DIESEL,60.21095588235295
2024-11-26,DIESEL PLUS,58.71520547945205
2024-11-26,KEROSENE,59.54872807017544
2024-11-26,RON 100,64.93939393939394
2024-11-26,RON 91,63.93803571428572
2024-11-26,RON 95,67.0934
2024-11-26,RON 97,72.17538461538462
2024-12-03,DIESEL,61.695915492957745
2024-12-03,DIESEL PLUS,59.25272151898734
2024-12-03,KEROSENE,59.01357758620689
2024-12-03,RON 100,62.61
2024-12-03,RON 91,65.3213725490196
2024-12-03,RON 95,70.298125
2024-12-03,RON 97,72.775
2024-12-10,DIESEL,61.77154929577465
2024-12-10,DIESEL PLUS,59.413860759493666
2024-12-10,KEROSENE,58.22021551724138
2024-12-10,RON 100,61.738035714285715
2024-12-10,RON 91,65.5278431372549
2024-12-10,RON 95,70.43375
2024-12-10,RON 97,72.055
2024-12-17,DIESEL,61.39073529411764
2024-12-17,DIESEL PLUS,60.02753424657534
2024-12-17,KEROSENE,58.86433628318584
2024-12-17,RON 100,62.907647058823535
2024-12-17,RON 91,65.4374074074074
2024-12-17,RON 95,68.2864
2024-12-17,RON 97,69.76307692307692
2024-12-24,DIESEL,61.70330882352941
2024-12-24,DIESEL PLUS,60.32945205479452
2024-12-24,KEROSENE,60.00287610619469
2024-12-24,RON 100,65.08999999999999
2024-12-24,RON 91,65.86444444444444
2024-12-24,RON 95,68.4304
2024-12-24,RON 97,71.90933333333334
2025-01-07,DIESEL,61.762867647058826
2025-01-07,DIESEL PLUS,60.38383561643836
2025-01-07,KEROSENE,60.30282608695652
2025-01-07,RON 100,65.69121212121212
2025-01-07,RON 91,66.16398148148149
2025-01-07,RON 95,68.90440000000001
2025-01-07,RON 97,71.99933333333334
2025-01-14,DIESEL,62.22338235294117
2025-01-14,DIESEL PLUS,60.72198630136986
2025-01-14,KEROSENE,61.080304347826086
2025-01-14,RON 100,66.16984848484849
2025-01-14,RON 91,66.30666666666667
2025-01-14,RON 95,68.92519999999999
2025-01-14,RON 97,72.68933333333332
2025-01-21,DIESEL,64.72778571428572
2025-01-21,DIESEL PLUS,61.870769230769234
2025-01-21,KEROSENE,62.92969827586207
2025-01-21,RON 100,66.90267857142858
2025-01-21,RON 91,68.28632653061224
2025-01-21,RON 95,71.925625
2025-01-21,RON 97,75.9211111111111
2025-01-28,DIESEL,62.97825757575757
2025-01-28,DIESEL PLUS,60.79086666666666
2025-01-28,KEROSENE,62.61525862068965
2025-01-28,RON 100,68.33439393939393
2025-01-28,RON 91,66.62525862068965
2025-01-28,RON 95,69.1422
2025-01-28,RON 97,74.44733333333333
2025-02-04,DIESEL,63.27530303030303
2025-02-04,DIESEL PLUS,61.1722
2025-02-04,KEROSENE,61.367155172413796
2025-02-04,RON 100,66.99681818181818
2025-02-04,RON 91,67.11293103448276
2025-02-04,RON 95,69.38680000000001
2025-02-04,RON 97,73.89933333333333
2025-02-11,DIESEL,63.76263888888889
2025-02-11,DIESEL PLUS,60.97206250000001
2025-02-11,KEROSENE,60.78300847457628
2025-02-11,RON 100,64.80499999999999
2025-02-11,RON 91,67.8564705882353
2025-02-11,RON 95,70.8975
2025-02-11,RON 97,74.48944444444444
2025-02-18,DIESEL,63.41295454545455
2025-02-18,DIESEL PLUS,61.26033333333333
2025-02-18,KEROSENE,61.34685344827586
2025-02-18,RON 100,66.8040909090909
2025-02-18,RON 91,67.19922413793103
2025-02-18,RON 95,68.9726
2025-02-18,RON 97,68.81933333333333
2025-02-25,DIESEL,64.53256944444445
2025-02-25,DIESEL PLUS,61.535000000000004
2025-02-25,KEROSENE,61.04233050847458
2025-02-25,RON 100,65.18035714285715
2025-02-25,RON 91,67.63686274509804
2025-02-25,RON 95,71.67125
2025-02-25,RON 97,70.50222222222222
2025-03-04,DIESEL,63.39138888888889
2025-03-04,DIESEL PLUS,60.287125
2025-03-04,KEROSENE,60.072669491525424
2025-03-04,RON 100,64.00946428571429
2025-03-04,RON 91,66.56254901960784
2025-03-04,RON 95,70.351875
2025-03-04,RON 97,69.36666666666666
2025-03-11,DIESEL,60.24825757575758
2025-03-11,DIESEL PLUS,58.017133333333334
2025-03-11,KEROSENE,58.81612068965517
2025-03-11,RON 100,63.22266666666667
2025-03-11,RON 91,64.03827586206896
2025-03-11,RON 95,65.9524
2025-03-11,RON 97,70.68599999999999
2025-03-18,DIESEL,59.79810606060607
2025-03-18,DIESEL PLUS,57.6616
2025-03-18,KEROSENE,58.410170940170936
2025-03-18,RON 100,62.621833333333335
2025-03-18,RON 91,63.51689655172414
2025-03-18,RON 95,65.32440000000001
2025-03-18,RON 97,70.06866666666666
2025-03-25,DIESEL,61.50055555555556
2025-03-25,DIESEL PLUS,58.425875
2025-03-25,KEROSENE,58.14747899159664
2025-03-25,RON 100,62.02696428571429
2025-03-25,RON 91,64.65803921568627
2025-03-25,RON 95,68.25875
2025-03-25,RON 97,70.55466666666666
2025-04-01,DIESEL,62.13722222222222
2025-04-01,DIESEL PLUS,59.102250000000005
2025-04-01,KEROSENE,58.85920168067227
2025-04-01,RON 100,62.978571428571435
2025-04-01,RON 91,65.69392156862745
2025-04-01,RON 95,68.588125
2025-04-01,RON 97,71.73133333333334
2025-04-08,DIESEL,60.65848484848485
2025-04-08,DIESEL PLUS,58.607733333333336
2025-04-08,KEROSENE,58.58299145299145
2025-04-08,RON 100,63.252833333333335
2025-04-08,RON 91,64.60327586206895
2025-04-08,RON 95,66.7094
2025-04-08,RON 97,71.11866666666667
2025-04-15,DIESEL,55.715479452054794
2025-04-15,DIESEL PLUS,52.82886904761905
2025-04-15,KEROSENE,54.75617647058823
2025-04-15,RON 100,59.82482142857143
2025-04-15,RON 91,57.68401960784314
2025-04-15,RON 95,65.08
2025-04-15,RON 97,68.020625
2025-04-22,DIESEL,57.426690140845075
2025-04-22,DIESEL PLUS,54.334404761904764
2025-04-22,KEROSENE,55.093375
2025-04-22,RON 100,60.65767857142857
2025-04-22,RON 91,58.902699999999996
2025-04-22,RON 95,65.93125
2025-04-22,RON 97,69.145
2025-04-29,DIESEL,59.80905797101449
2025-04-29,DIESEL PLUS,56.29274390243903
2025-04-29,KEROSENE,56.64663865546218
2025-04-29,RON 100,60.6195
2025-04-29,RON 91,63.75333333333333
2025-04-29,RON 95,66.979375
2025-04-29,RON 97,69.66857142857143
2025-05-06,DIESEL,59.18442028985507
2025-05-06,DIESEL PLUS,55.7230487804878
2025-05-06,KEROSENE,55.91609243697479
2025-05-06,RON 100,59.698499999999996
2025-05-06,RON 91,63.055625
2025-05-06,RON 95,65.831875
2025-05-06,RON 97,68.99
2025-05-13,DIESEL,58.066014492753624
2025-05-13,DIESEL PLUS,54.57201219512195
2025-05-13,KEROSENE,54.46915966386555
2025-05-13,RON 100,58.243500000000004
2025-05-13,RON 91,62.2275
2025-05-13,RON 95,64.96625
2025-05-13,RON 97,67.74714285714286
2025-05-20,DIESEL,57.442567567567565
2025-05-20,DIESEL PLUS,55.425625000000004
2025-05-20,KEROSENE,55.65987288135593
2025-05-20,RON 100,59.800147058823526
2025-05-20,RON 91,61.80342592592593
2025-05-20,RON 95,64.3676
2025-05-20,RON 97,68.90416666666667
2025-06-10,DIESEL,57.21810810810811
2025-06-10,DIESEL PLUS,55.204296875
2025-06-10,KEROSENE,55.657415254237286
2025-06-10,RON 100,59.550441176470585
2025-06-10,RON 91,61.49648148148148
2025-06-10,RON 95,64.23360000000001
2025-06-10,RON 97,68.48
2025-06-17,DIESEL,59.470000000000006
2025-06-17,DIESEL PLUS,56.33609756097562
2025-06-17,KEROSENE,56.8846218487395
2025-06-17,RON 100,59.958666666666666
2025-06-17,RON 91,63.905
2025-06-17,RON 95,67.165
2025-06-17,RON 97,70.09071428571428
2025-06-24,DIESEL,61.988985507246376
2025-06-24,DIESEL PLUS,58.93231707317073
2025-06-24,KEROSENE,61.011008403361345
2025-06-24,RON 100,64.47816666666667
2025-06-24,RON 91,66.49833333333333
2025-06-24,RON 95,69.760625
2025-06-24,RON 97,74.255
2025-07-01,DIESEL,59.51783783783783
2025-07-01,DIESEL PLUS,57.270859375
2025-07-01,KEROSENE,59.15550847457627
2025-07-01,RON 100,63.46955882352942
2025-07-01,RON 91,63.464629629629634
2025-07-01,RON 95,66.9242
2025-07-01,RON 97,72.32083333333334
2025-07-08,DIESEL,59.248623188405794
2025-07-08,DIESEL PLUS,56.14731707317073
2025-07-08,KEROSENE,58.368655462184876
2025-07-08,RON 100,61.6435
2025-07-08,RON 91,63.635937500000004
2025-07-08,RON 95,66.793125
2025-07-08,RON 97,72.09
2025-07-15,DIESEL,59.41014492753624
2025-07-15,DIESEL PLUS,56.16219512195122
2025-07-15,KEROSENE,59.102731092436976
2025-07-15,RON 100,62.727333333333334
2025-07-15,RON 91,63.8046875
2025-07-15,RON 95,67.361875
2025-07-15,RON 97,72.74714285714286
2025-07-22,DIESEL,57.023648648648646
2025-07-22,DIESEL PLUS,56.209140624999996
2025-07-22,KEROSENE,59.60491596638655
2025-07-22,RON 100,64.61308823529413
2025-07-22,RON 91,62.20351851851852
2025-07-22,RON 95,65.22279999999999
2025-07-22,RON 97,72.76083333333334
2025-07-29,DIESEL,58.93782608695652
2025-07-29,DIESEL PLUS,55.699817073170735
2025-07-29,KEROSENE,59.74637499999999
2025-07-29,RON 100,64.41866666666667
2025-07-29,RON 91,63.430416666666666
2025-07-29,RON 95,65.805
2025-07-29,RON 97,73.68285714285715
2025-08-05,DIESEL,59.40459459459459
2025-08-05,DIESEL PLUS,57.257265625
2025-08-05,KEROSENE,60.77882352941177
2025-08-05,RON 100,65.30352941176471
2025-08-05,RON 91,63.80138888888889
2025-08-05,RON 95,66.19319999999999
2025-08-05,RON 97,74.0125
2025-08-12,DIESEL,58.692945205479454
2025-08-12,DIESEL PLUS,56.55265625
2025-08-12,KEROSENE,59.167857142857144
2025-08-12,RON 100,63.51470588235294
2025-08-12,RON 91,63.243796296296296
2025-08-12,RON 95,65.3728
2025-08-12,RON 97,72.94416666666667
2025-08-19,DIESEL,58.87897260273972
2025-08-19,DIESEL PLUS,56.3903125
2025-08-19,KEROSENE,57.88596638655462
2025-08-19,RON 100,62.34176470588235
2025-08-19,RON 91,63.230000000000004
2025-08-19,RON 95,65.4136
2025-08-19,RON 97,72.33583333333333
2025-08-26,DIESEL,59.06075342465754
2025-08-26,DIESEL PLUS,56.446171875
2025-08-26,KEROSENE,57.944327731092436
2025-08-26,RON 100,61.932941176470585
2025-08-26,RON 91,63.45361111111111
2025-08-26,RON 95,65.792
2025-08-26,RON 97,72.30499999999999
2025-09-02,DIESEL,60.2872794117647
2025-09-02,DIESEL PLUS,56.80981707317073
2025-09-02,KEROSENE,58.223375000000004
2025-09-02,RON 100,61.56066666666666
2025-09-02,RON 91,65.58
2025-09-02,RON 95,67.306875
2025-09-02,RON 97,73.6557142857143
2025-09-09,DIESEL,60.05520547945205
2025-09-09,DIESEL PLUS,57.3975
2025-09-09,KEROSENE,59.13088235294118
2025-09-09,RON 100,63.06632352941177
2025-09-09,RON 91,64.66453703703704
2025-09-09,RON 95,66.2696
2025-09-09,RON 97,73.55916666666667
2025-09-16,DIESEL,59.28861842105264
2025-09-16,DIESEL PLUS,57.11420634920635
2025-09-16,KEROSENE,58.9099173553719
2025-09-16,RON 100,63.429218750000004
2025-09-16,RON 91,64.59481132075472
2025-09-16,RON 95,66.21
2025-09-16,RON 97,74.17545454545454
2025-09-23,DIESEL,59.609078947368424
2025-09-23,DIESEL PLUS,57.47174603174603
2025-09-23,KEROSENE,59.46487603305785
2025-09-23,RON 100,63.80318181818182
2025-09-23,RON 91,65.06858490566039
2025-09-23,RON 95,66.8
2025-09-23,RON 97,74.95923076923076
2025-09-30,DIESEL,59.73609589041095
2025-09-30,DIESEL PLUS,56.64262195121951
2025-09-30,KEROSENE,59.917521739130436
2025-09-30,RON 100,62.91951612903225
2025-09-30,RON 91,65.8553125
2025-09-30,RON 95,66.51125
2025-09-30,RON 97,75.89875
2025-10-07,DIESEL,58.97980263157895
2025-10-07,DIESEL PLUS,56.74452380952381
2025-10-07,KEROSENE,60.16396694214876
2025-10-07,RON 100,64.88030303030304
2025-10-07,RON 91,63.22862745098039
2025-10-07,RON 95,66.17125
2025-10-07,RON 97,76.07461538461538
2025-10-14,DIESEL,58.890263157894736
2025-10-14,DIESEL PLUS,56.63444444444444
2025-10-14,KEROSENE,59.8654132231405
2025-10-14,RON 100,64.63878787878788
2025-10-14,RON 91,63.085392156862746
2025-10-14,RON 95,66.32791666666667
2025-10-14,RON 97,76.13454545454546
2025-10-21,DIESEL,58.63940789473685
2025-10-21,DIESEL PLUS,56.38174603174603
2025-10-21,KEROSENE,59.07706611570248
2025-10-21,RON 100,63.49939393939394
2025-10-21,RON 91,62.92141509433962
2025-10-21,RON 95,66.0225
2025-10-21,RON 97,75.58909090909091
2025-10-28,DIESEL,59.2725
2025-10-28,DIESEL PLUS,56.9584126984127
2025-10-28,KEROSENE,60.275619834710746
2025-10-28,RON 100,64.9830303030303
2025-10-28,RON 91,63.48490566037736
2025-10-28,RON 95,66.8325
2025-10-28,RON 97,77.40666666666667
2025-11-04,DIESEL,60.31934210526315
2025-11-04,DIESEL PLUS,58.11396825396825
2025-11-04,KEROSENE,62.132107438016526
2025-11-04,RON 100,66.99181818181819
2025-11-04,RON 91,64.5495283018868
2025-11-04,RON 95,67.96291666666666
2025-11-04,RON 97,79.44
2025-11-11,DIESEL,60.4175
2025-11-11,DIESEL PLUS,57.976190476190474
2025-11-11,KEROSENE,62.54628099173554
2025-11-11,RON 100,67.36181818181818
2025-11-11,RON 91,64.81745283018867
2025-11-11,RON 95,67.86708333333333
2025-11-11,RON 97,79.55444444444444
2025-11-18,DIESEL,60.989934210526314
2025-11-18,DIESEL PLUS,58.90309523809524
2025-11-18,KEROSENE,63.19004132231405
2025-11-18,RON 100,68.02424242424243
2025-11-18,RON 91,65.03650943396227
2025-11-18,RON 95,68.75500000000001
2025-11-18,RON 97,79.18444444444444
2025-11-25,DIESEL,60.57223684210526
2025-11-25,DIESEL PLUS,58.053492063492065
2025-11-25,KEROSENE,63.33116666666667
2025-11-25,RON 100,68.40575757575758
2025-11-25,RON 91,64.26905660377359
2025-11-25,RON 95,68.18708333333333
2025-11-25,RON 97,80.92444444444445
2025-12-02,DIESEL,60.630394736842106
2025-12-02,DIESEL PLUS,57.925873015873016
2025-12-02,KEROSENE,60.699297520661155
2025-12-02,RON 100,65.5330303030303
2025-12-02,RON 91,63.92707547169811
2025-12-02,RON 95,67.89916666666666
2025-12-02,RON 97,78.69111111111111
2025-12-09,DIESEL,61.262499999999996
2025-12-09,DIESEL PLUS,58.68142857142857
2025-12-09,KEROSENE,60.42355371900826
2025-12-09,RON 100,65.0990909090909
2025-12-09,RON 91,64.70283018867924
2025-12-09,RON 95,68.09541666666667
2025-12-09,RON 97,78.69111111111111
2025-12-16,DIESEL,60.85868421052632
2025-12-16,DIESEL PLUS,58.07301587301587
2025-12-16,KEROSENE,59.90743801652893
2025-12-16,RON 100,64.09787878787878
2025-12-16,RON 91,64.21566037735849
2025-12-16,RON 95,67.86333333333333
2025-12-16,RON 97,78.43555555555557
2025-12-23,DIESEL,59.83697368421052
2025-12-23,DIESEL PLUS,57.1283870967742
2025-12-23,KEROSENE,58.62595833333333
2025-12-23,RON 100,62.87136363636364
2025-12-23,RON 91,63.32134615384616
2025-12-23,RON 95,67.03750000000001
2025-12-23,RON 97,76.80666666666667
2026-01-06,DIESEL,54.52459016393443
2026-01-06,DIESEL PLUS,55.74793103448276
2026-01-06,KEROSENE,66.7373076923077
2026-01-06,RON 100,72.95777777777778
2026-01-06,RON 91,56.35550724637681
2026-01-06,RON 95,60.89654255319149
2026-01-06,RON 97,65.17822580645162
2026-01-13,DIESEL,54.46098360655738
2026-01-13,DIESEL PLUS,55.49465517241379
2026-01-13,KEROSENE,66.57653846153846
2026-01-13,RON 100,72.84
2026-01-13,RON 91,56.11101449275362
2026-01-13,RON 95,60.73643617021277
2026-01-13,RON 97,64.85145161290322
2026-01-20,DIESEL,59.28458333333333
2026-01-20,DIESEL PLUS,56.03641975308642
2026-01-20,KEROSENE,59.497304347826095
2026-01-20,RON 100,62.017580645161296
2026-01-20,RON 91,63.8240625
2026-01-20,RON 95,66.275
2026-01-20,RON 97,79.15583333333333
2026-01-27,DIESEL,58.309375
2026-01-27,DIESEL PLUS,55.53456140350877
2026-01-27,KEROSENE,60.37814516129033
2026-01-27,RON 100,62.3086
2026-01-27,RON 91,62.6975
2026-01-27,RON 95,66.53119047619047
2026-01-27,RON 97,79.08928571428571
2026-02-03,DIESEL,59.87223880597015
2026-02-03,DIESEL PLUS,55.98561728395062
2026-02-03,KEROSENE,60.70254166666667
2026-02-03,RON 100,64.2882258064516
2026-02-03,RON 91,64.15229166666667
2026-02-03,RON 95,66.77125
2026-02-03,RON 97,81.2325
2026-02-10,DIESEL,59.39652173913043
2026-02-10,DIESEL PLUS,55.935
2026-02-10,KEROSENE,60.92371794871795
2026-02-10,RON 100,62.44016129032258
2026-02-10,RON 91,59.7990625
2026-02-10,RON 95,65.500625
2026-02-10,RON 97,81.78416666666666
2026-02-17,DIESEL,59.93156716417911
2026-02-17,DIESEL PLUS,56.044382716049384
2026-02-17,KEROSENE,60.629333333333335
2026-02-17,RON 100,62.48258064516129
2026-02-17,RON 91,64.91489583333333
2026-02-17,RON 95,65.59
2026-02-17,RON 97,82.38416666666667
2026-02-18,DIESEL,49.71344827586207
2026-02-18,DIESEL PLUS,40.34233870967742
2026-02-18,KEROSENE,42.170568181818176
2026-02-18,RON 100,44.54941176470589
2026-02-18,RON 91,50.69547169811321
2026-02-18,RON 95,52.45536585365854
2026-02-18,RON 97,54.635000000000005
2026-02-24,DIESEL,58.55760273972603
2026-02-24,DIESEL PLUS,55.430238095238096
2026-02-24,KEROSENE,60.915593220338984
2026-02-24,RON 100,65.35984375
2026-02-24,RON 91,62.41411764705882
2026-02-24,RON 95,65.60708333333334
2026-02-24,RON 97,81.446
2026-03-03,DIESEL,59.801986301369865
2026-03-03,DIESEL PLUS,56.76531746031746
2026-03-03,KEROSENE,61.63300847457627
2026-03-03,RON 100,61.58140625
2026-03-03,RON 91,63.212450980392155
2026-03-03,RON 95,67.10604166666667
2026-03-03,RON 97,83.786
2026-03-10,DIESEL,71.92147435897436
2026-03-10,DIESEL PLUS,68.82875
2026-03-10,KEROSENE,83.97521739130434
2026-03-10,RON 100,92.49466666666667
2026-03-10,RON 91,74.18323529411765
2026-03-10,RON 95,77.83166666666666
2026-03-10,RON 97,113.40555555555555
2026-03-17,DIESEL,87.40348837209302
2026-03-17,DIESEL PLUS,84.18735000000001
2026-03-17,KEROSENE,104.51409523809524
2026-03-17,RON 100,111.59255319148937
2026-03-17,RON 91,91.04836734693878
2026-03-17,RON 95,92.48066666666666
2026-03-17,RON 97,128.3403846153846
2026-03-24,DIESEL,74.1426551724138
2026-03-24,DIESEL PLUS,77.39784671532846
2026-03-24,KEROSENE,92.91010869565217
2026-03-24,RON 100,99.83536764705883
2026-03-24,RON 91,66.90225663716814
2026-03-24,RON 95,77.91537037037038
2026-03-24,RON 97,115.03605263157894
2026-03-31,DIESEL,97.39635294117647
2026-03-31,DIESEL PLUS,93.32590909090908
2026-03-31,KEROSENE,129.31092
2026-03-31,RON 100,139.1118085106383
2026-03-31,RON 91,100.04282608695652
2026-03-31,RON 95,101.94640625
2026-03-31,RON 97,154.54319999999998
2026-04-07,DIESEL,141.60677272727273
2026-04-07,DIESEL PLUS,150.15285714285716
2026-04-07,KEROSENE,150.6279365079365
2026-04-07,RON 100,128.66
2026-04-07,RON 91,95.8214705882353
2026-04-07,RON 95,100.25994680851063
2026-04-07,RON 97,103.86265306122449
2026-04-14,DIESEL,119.78890350877192
2026-04-14,DIESEL PLUS,127.65085714285713
2026-04-14,KEROSENE,135.18571428571428
2026-04-14,RON 100,122.67333333333333
2026-04-14,RON 91,88.52693396226415
2026-04-14,RON 95,92.79897959183673
2026-04-14,RON 97,97.19081632653062
2026-04-21,DIESEL,97.47598130841122
2026-04-21,DIESEL PLUS,102.66857142857143
2026-04-21,KEROSENE,119.07484375
2026-04-21,RON 100,115.76666666666667
2026-04-21,RON 91,84.3284761904762
2026-04-21,RON 95,88.02578125000001
2026-04-21,RON 97,92.905
2026-04-28,DIESEL,83.82788888888889
2026-04-28,DIESEL PLUS,88.39646341463416
2026-04-28,KEROSENE,101.4414406779661
2026-04-28,RON 100,124.27588235294118
2026-04-28,RON 91,84.54923076923076
2026-04-28,RON 95,88.8006338028169
2026-04-28,RON 97,92.461
